SysConst;AvgTime;Oxygen;;;;;;;;;;;;;;;;;;;;;;;;;;;;;;;;;;;;;;;;;;;;;;;;;;;;;;;;;;;;;;;;;;;;;;;;;;;;;;;;;;;;;;;;;;;;;;;;;;;;;;;;;;;;;;;;;;;;;;;;;;;;;;;;;;;;;;;;;;;;;;;;;;;;;;;;;;;;;;;;;;;;;;;;;;;;;;;;;;;;;;;;;;;;;;;;;;;;;;;;;;;;;;;;;;;;;;;;;;;;;;;;;;;;;;;;;;;;;;;;;;;;;;;;;;;;;;;;;;;;;;;;;;;;;;;;;;;;;;;;;;;;;;;;;;
;4;21;;;;;;;;;;;;;;;;;;;;;;;;;;;;;;;;;;;;;;;;;;;;;;;;;;;;;;;;;;;;;;;;;;;;;;;;;;;;;;;;;;;;;;;;;;;;;;;;;;;;;;;;;;;;;;;;;;;;;;;;;;;;;;;;;;;;;;;;;;;;;;;;;;;;;;;;;;;;;;;;;;;;;;;;;;;;;;;;;;;;;;;;;;;;;;;;;;;;;;;;;;;;;;;;;;;;;;;;;;;;;;;;;;;;;;;;;;;;;;;;;;;;;;;;;;;;;;;;;;;;;;;;;;;;;;;;;;;;;;;;;;;;;;;;;;
ChambConst;Chamber;Aperture;blc_a;blc_b;blc_c;blc_d;blc_e;blc_minS;blc_maxS;blc_Po;;;;;;;;;;;;;;;;;;;;;;;;;;;;;;;;;;;;;;;;;;;;;;;;;;;;;;;;;;;;;;;;;;;;;;;;;;;;;;;;;;;;;;;;;;;;;;;;;;;;;;;;;;;;;;;;;;;;;;;;;;;;;;;;;;;;;;;;;;;;;;;;;;;;;;;;;;;;;;;;;;;;;;;;;;;;;;;;;;;;;;;;;;;;;;;;;;;;;;;;;;;;;;;;;;;;;;;;;;;;;;;;;;;;;;;;;;;;;;;;;;;;;;;;;;;;;;;;;;;;;;;;;;;;;;;;;;;;;;;;;;
;6800-01A;2 cm²;0,572;0,3872742;-0,01870584;0;-0,00737389;1;2;96,9;;;;;;;;;;;;;;;;;;;;;;;;;;;;;;;;;;;;;;;;;;;;;;;;;;;;;;;;;;;;;;;;;;;;;;;;;;;;;;;;;;;;;;;;;;;;;;;;;;;;;;;;;;;;;;;;;;;;;;;;;;;;;;;;;;;;;;;;;;;;;;;;;;;;;;;;;;;;;;;;;;;;;;;;;;;;;;;;;;;;;;;;;;;;;;;;;;;;;;;;;;;;;;;;;;;;;;;;;;;;;;;;;;;;;;;;;;;;;;;;;;;;;;;;;;;;;;;;;;;;;;;;;;;;;;;;;;;;;;;;;;
LTConst;deltaTw;fT1;fT2;fTeb;;;;;;;;;;;;;;;;;;;;;;;;;;;;;;;;;;;;;;;;;;;;;;;;;;;;;;;;;;;;;;;;;;;;;;;;;;;;;;;;;;;;;;;;;;;;;;;;;;;;;;;;;;;;;;;;;;;;;;;;;;;;;;;;;;;;;;;;;;;;;;;;;;;;;;;;;;;;;;;;;;;;;;;;;;;;;;;;;;;;;;;;;;;;;;;;;;;;;;;;;;;;;;;;;;;;;;;;;;;;;;;;;;;;;;;;;;;;;;;;;;;;;;;;;;;;;;;;;;;;;;;;;;;;;;;;;;;;;;;;;;;;;;;;
;0;1;0;0;;;;;;;;;;;;;;;;;;;;;;;;;;;;;;;;;;;;;;;;;;;;;;;;;;;;;;;;;;;;;;;;;;;;;;;;;;;;;;;;;;;;;;;;;;;;;;;;;;;;;;;;;;;;;;;;;;;;;;;;;;;;;;;;;;;;;;;;;;;;;;;;;;;;;;;;;;;;;;;;;;;;;;;;;;;;;;;;;;;;;;;;;;;;;;;;;;;;;;;;;;;;;;;;;;;;;;;;;;;;;;;;;;;;;;;;;;;;;;;;;;;;;;;;;;;;;;;;;;;;;;;;;;;;;;;;;;;;;;;;;;;;;;;;
LQConst;Leaf;Ambient;abs_ambient;abs_redLED;abs_greenLED;abs_blueLED;abs_whiteLED;abs_redFlr;abs_blueFlr;k_ambient;k_redLED;k_greenLED;k_blueLED;k_whiteLED;k_redFlr;k_blueFlr;;;;;;;;;;;;;;;;;;;;;;;;;;;;;;;;;;;;;;;;;;;;;;;;;;;;;;;;;;;;;;;;;;;;;;;;;;;;;;;;;;;;;;;;;;;;;;;;;;;;;;;;;;;;;;;;;;;;;;;;;;;;;;;;;;;;;;;;;;;;;;;;;;;;;;;;;;;;;;;;;;;;;;;;;;;;;;;;;;;;;;;;;;;;;;;;;;;;;;;;;;;;;;;;;;;;;;;;;;;;;;;;;;;;;;;;;;;;;;;;;;;;;;;;;;;;;;;;;;;;;;;;;;;;;;;;;;;;
;standard;Sun+Sky;0,8;0,84;0,7;0,87;0,75;0,84;0,87;0,1911;0,1512;0,161;0,2262;0,1575;0,1596;0,2175;;;;;;;;;;;;;;;;;;;;;;;;;;;;;;;;;;;;;;;;;;;;;;;;;;;;;;;;;;;;;;;;;;;;;;;;;;;;;;;;;;;;;;;;;;;;;;;;;;;;;;;;;;;;;;;;;;;;;;;;;;;;;;;;;;;;;;;;;;;;;;;;;;;;;;;;;;;;;;;;;;;;;;;;;;;;;;;;;;;;;;;;;;;;;;;;;;;;;;;;;;;;;;;;;;;;;;;;;;;;;;;;;;;;;;;;;;;;;;;;;;;;;;;;;;;;;;;;;;;;;;;;;;;;;;;;;;;;
QConst;fQ_Amb_in;fQ_Amb_out;fQ_HeadLS;fQ_ConsoleLS;fQ_Flr;;;;;;;;;;;;;;;;;;;;;;;;;;;;;;;;;;;;;;;;;;;;;;;;;;;;;;;;;;;;;;;;;;;;;;;;;;;;;;;;;;;;;;;;;;;;;;;;;;;;;;;;;;;;;;;;;;;;;;;;;;;;;;;;;;;;;;;;;;;;;;;;;;;;;;;;;;;;;;;;;;;;;;;;;;;;;;;;;;;;;;;;;;;;;;;;;;;;;;;;;;;;;;;;;;;;;;;;;;;;;;;;;;;;;;;;;;;;;;;;;;;;;;;;;;;;;;;;;;;;;;;;;;;;;;;;;;;;;;;;;;;;;;;
;0;0;0;0;1;;;;;;;;;;;;;;;;;;;;;;;;;;;;;;;;;;;;;;;;;;;;;;;;;;;;;;;;;;;;;;;;;;;;;;;;;;;;;;;;;;;;;;;;;;;;;;;;;;;;;;;;;;;;;;;;;;;;;;;;;;;;;;;;;;;;;;;;;;;;;;;;;;;;;;;;;;;;;;;;;;;;;;;;;;;;;;;;;;;;;;;;;;;;;;;;;;;;;;;;;;;;;;;;;;;;;;;;;;;;;;;;;;;;;;;;;;;;;;;;;;;;;;;;;;;;;;;;;;;;;;;;;;;;;;;;;;;;;;;;;;;;;;;
LeakConst;fan_a;fan_b;fan_c;fan_d;Fs_meas;Fs_true;leak_wt;;;;;;;;;;;;;;;;;;;;;;;;;;;;;;;;;;;;;;;;;;;;;;;;;;;;;;;;;;;;;;;;;;;;;;;;;;;;;;;;;;;;;;;;;;;;;;;;;;;;;;;;;;;;;;;;;;;;;;;;;;;;;;;;;;;;;;;;;;;;;;;;;;;;;;;;;;;;;;;;;;;;;;;;;;;;;;;;;;;;;;;;;;;;;;;;;;;;;;;;;;;;;;;;;;;;;;;;;;;;;;;;;;;;;;;;;;;;;;;;;;;;;;;;;;;;;;;;;;;;;;;;;;;;;;;;;;;;;;;;;;;;;
;-6276;6,6;0,00001709;3,11;3.70893 209.642 370.616 575.866 848.473 1042.1 1245.09 1386.85;0.734209 227.426 395.042 586.21 808.533 1001.75 1201.66 1400.83;0;;;;;;;;;;;;;;;;;;;;;;;;;;;;;;;;;;;;;;;;;;;;;;;;;;;;;;;;;;;;;;;;;;;;;;;;;;;;;;;;;;;;;;;;;;;;;;;;;;;;;;;;;;;;;;;;;;;;;;;;;;;;;;;;;;;;;;;;;;;;;;;;;;;;;;;;;;;;;;;;;;;;;;;;;;;;;;;;;;;;;;;;;;;;;;;;;;;;;;;;;;;;;;;;;;;;;;;;;;;;;;;;;;;;;;;;;;;;;;;;;;;;;;;;;;;;;;;;;;;;;;;;;;;;;;;;;;;;;;;;;;;;;
SysObs;SysObs;SysObs;SysObs;SysObs;SysObs;UserDefCon;UserDefCon;GasEx;GasEx;GasEx;GasEx;GasEx;GasEx;GasEx;GasEx;GasEx;GasEx;GasEx;GasEx;GasEx;GasEx;GasEx;GasEx;GasEx;GasEx;GasEx;GasEx;GasEx;GasEx;GasEx;GasEx;GasEx;GasEx;Dynamic;Dynamic;Dynamic;Dynamic;Dynamic;Dynamic;Dynamic;Dynamic;Dynamic;Dynamic;Leak;Leak;Leak;Leak;Leak;FLR;FLR;FLR;FLR;FLR;FLR;FLR;FLR;FLR;FLR;FLR;FLR;FLR;FLR;FLR;FLR;FLR;FLR;FLR;FLR;FLR;FLR;FLR;FLR;FLR;FLR;FLR;FLR;MPF;MPF;MPF;MPF;MPF;MPF;MPF;MPF;MPF;MPF;MPF;MPF;MPF;MPF;MPF;MPF;MPF;MPF;MPF;MPF;MPF;FastKntcs;FastKntcs;FastKntcs;FastKntcs;FastKntcs;FastKntcs;FastKntcs;FastKntcs;FastKntcs;FastKntcs;FastKntcs;FastKntcs;FastKntcs;LeafQ;LeafQ;LeafQ;LeafQ;Const;Const;Const;Const;Const;Meas;Meas;Meas;Meas;Meas;Meas;Meas;Meas;Meas;Meas;Meas;Meas;Meas;Meas;Meas;Meas;Meas;Meas;Meas2;Meas2;Meas2;Meas2;Meas2;Meas2;Meas2;Meas2;Meas2;Meas2;FlrLS;FlrLS;FlrLS;FlrLS;FlrLS;FlrLS;FlrLS;FlrLS;FlrLS;FlrLS;FlrLS;FlrLS;FlrLS;FlrLS;FlrLS;FlrLS;FlrLS;FlrLS;FlrStats;FlrStats;FlrStats;FlrStats;FlrStats;MchEvent;MchEvent;MchEvent;MchEvent;MchEvent;MchEvent;MchEvent;MchEvent;MchEvent;MchEvent;MchEvent;MchEvent;MchEvent;Stability;Stability;Stability;Stability;Stability;Stability;Stability;Stability;Stability;Stability;Stability;Raw;Raw;Raw;Raw;Raw;Raw;Raw;Raw;Raw;Raw;Raw;Raw;Raw;Raw;Raw;Raw;Raw;Raw;Status2;Status2;Status2;Status2;Status2;Status2;Status2;Status2;Status2;Status2;Status2;Status2;Status2;Status2;Status2;Status2;Status2;Status2;Status2;Auxiliary;Auxiliary;Auxiliary;Auxiliary;Auxiliary;Auxiliary;Auxiliary;Auxiliary;Auxiliary;Auxiliary;Auxiliary;Auxiliary;Auxiliary;Auxiliary;Auxiliary;Auxiliary;Auxiliary;Auxiliary;Auxiliary;MchStatus;MchStatus;MchStatus;MchStatus;MchStatus;MchStatus;MchStatus;MchStatus;MchStatus;MchStatus;MchStatus;MchStatus;MchStatus;MchStatus;MchStatus;MchStatus;MchStatus;MchStatus;ConStatus;ConStatus;ConStatus;ConStatus;ConStatus;ConStatus;ConStatus;ConStatus;Status;Status;Status;Status;Status;Status;Status;Status;Status;Status;Status;Status;Status;Status;Status;Status
obs;time;elapsed;date;hhmmss;averaging;Label;Treatment;TIME;E;Emm;A;Ca;Ci;Pci;Pca;gsw;gbw;gtw;gtc;Rabs;TleafEB;TleafCnd;SVPleaf;RHcham;VPcham;SVPcham;VPDleaf;LatHFlux;SenHFlux;NetTherm;EBSum;Asty;Esty;Adyn;Crd;Csd;dCsd/dt;αVc;Edyn;Hr;Hs;dHs/dt;αVh;Leak;LeakPct;CorrFact;CorrFactPct;Fan;DarkAdaptedID;Qmax_d;Fo;Fm;Fv/Fm;A_dark;LightAdaptedID;Qmax;Fs;Fm';PhiPS2;PS2/1;Qabs_fs;A_fs;ETR;PhiCO2;NPQ;alt._Fo';DarkPulseID;Fmin;Fo';Fv'/Fm';qP;qN;qP_Fo;qN_Fo;qL;1-qL;ID;P1_dur;P1_Fmax;T@P1_Fmax;Q@P1_Fmax;P1_PredF;P1_ΔF;P2_dur;P2_ramp;P2_int;P2_int_se;P2_slp;P2_slp_se;P2_R2;P2_dQdt;P3_dur;P3_Fmax;T@P3_Fmax;Q@P3_Fmax;P3_PredF;P3_ΔF;ID;Dur;DCo;InitSlope;Fo;F1;T@F1;T@HIR;F2;T@F2;DCmax;T@DCmax;PhiPS2_dc;Qin;Qabs;alpha;convert;S;K;Geometry;Custom;UseDynamic;TIME;CO2_s;CO2_r;H2O_s;H2O_r;CO2_a;H2O_a;Flow;Pa;ΔPcham;Tair;Tleaf;Tleaf2;Offset;Offset2;Fan_speed;Qamb_in;Qamb_out;ΔCO2;CO2_s_d;CO2_r_d;ΔH2O;CO2_b;H2O_b;e_s;e_r;Td_s;Td_r;Q;f_red;f_blue;f_farred;F;Q_modavg;F_dc;Pc;Tled;TDigital;TPreamp;TPwrSpy;TDrive;Q_red;Q_blue;Q_farred;TSPF;state;F_avg;dF/dt;dF_dc/dt;F_dc_avg;period;time;hhmmss;co2_t;h2o_t;count;co2_adj;h2o_adj;co2_match;h2o_match;co2_at;h2o_at;co2_cv;h2o_cv;Adyn:MN;Adyn:SLP;Adyn:SD;Adyn:OK;gsw:MN;gsw:SLP;gsw:SD;gsw:OK;Stable;Total;State;Vflow;VPchamber;abs_c_a;abs_c_b;abs_h_a;abs_h_b;Wc_s;Wc_r;Wco_s;Wco_r;Ww_s;Ww_r;Wwo_s;Wwo_r;Flow_s_v;Flow_r_v;Tleaf_mv;Tleaf2_mv;Tleaf_j;Tleaf2_j;Console_RH;Console_T;Console_H2O;Fan_%;Flow_%;Pump;Tchp_pwm;Txchg_pwm;diag_20v;diag_5_4v;diag_12v;diag_5va;diag_3_3vf;AccCO2_soda;AccH2O_des;AccH2O_hum;CO2_hrs;ADC_CH1;ADC_CH2;ADC_CH3;ADC_CH4;ADC_CH5;ADC_CH6;ADC_CH7;ADC_CH8;DAC_1;DAC_2;DAC_3;DAC_4;GPIO;GPIO_dir;excit_5v;power_12v;power_5v;ch1_pullup;AuxPower;MatchValveR;MatchValveS;MatchCO2;MatchH2O;cf_co2_a;cf_co2_b;cf_co2_c;cf_co2_d;cf_h2o_a;cf_h2o_b;cf_h2o_c;cf_h2o_d;co2_fit_low;co2_fit_high;h2o_fit_low;h2o_fit_high;co2_elapsed;h2o_elapsed;CO2_f;CO2_f_s;Pump_f;Pump_f_s;Pump_p;Pump_p_s;Tboard;V_system;DIAG;Flow_s;Flow_r;Txchg;Tirga;Tchopper;Ts;Tr;CO2_%;Desiccant_%;Humidifier_%;Txchg_sp;CO2_r_sp;H2O_r_sp;SS_s;SS_r
;s;s;;;s;;;s;mol m⁻² s⁻¹;mmol m⁻² s⁻¹;µmol m⁻² s⁻¹;µmol mol⁻¹;µmol mol⁻¹;Pa;Pa;mol m⁻² s⁻¹;mol m⁻² s⁻¹;mol m⁻² s⁻¹;mol m⁻² s⁻¹;W m⁻²;°C;°C;kPa;%;kPa;kPa;kPa;W m⁻²;W m⁻²;W m⁻²;W m⁻²;µmol m⁻² s⁻¹;mmol m⁻² s⁻¹;µmol m⁻² s⁻¹;µmol mol⁻¹;µmol mol⁻¹;µmol mol⁻¹ s⁻¹;cm³;mmol m⁻² s⁻¹;mmol mol⁻¹;mmol mol⁻¹;mmol mol⁻¹ s⁻¹;cm³;µmol s⁻¹;%;;%;µmol s⁻¹;;;;;;µmol m⁻² s⁻¹;;;;;;;µmol m⁻² s⁻¹;µmol m⁻² s⁻¹;µmol m⁻² s⁻¹;µmol µmol⁻¹;;;;;;;;;;;;;;ms;;ms;µmol m⁻² s⁻¹;;;ms;%;;;centimol m⁻² s⁻¹;centimol m⁻² s⁻¹;;mol m⁻² s⁻²;ms;;ms;µmol m⁻² s⁻¹;;;;ms;;s⁻¹;;;ms;ms;;ms;;ms;;µmol m⁻² s⁻¹;µmol m⁻² s⁻¹;;J/µmol;cm²;;;mol m⁻² s⁻¹;;s;µmol mol⁻¹;µmol mol⁻¹;mmol mol⁻¹;mmol mol⁻¹;µmol mol⁻¹;mmol mol⁻¹;µmol s⁻¹;kPa;kPa;°C;°C;°C;°C;°C;rpm;µmol m⁻² s⁻¹;µmol m⁻² s⁻¹;µmol mol⁻¹;µmol mol⁻¹;µmol mol⁻¹;mmol mol⁻¹;µmol mol⁻¹;mmol mol⁻¹;kPa;kPa;°C;°C;µmol m⁻² s⁻¹;;;;;µmol m⁻² s⁻¹;;;°C;°C;°C;°C;°C;µmol m⁻² s⁻¹;µmol m⁻² s⁻¹;µmol m⁻² s⁻¹;s;;;min⁻¹;min⁻¹;;s;secs;;s;s;;µmol/mol;mmol/mol;µmol/mol;mmol/mol;µmol/mol;mmol/mol;%;%;µmol m⁻² s⁻¹;µmol m⁻² s⁻¹ min⁻¹;µmol m⁻² s⁻¹;;mol m⁻² s⁻¹;mol m⁻² s⁻¹ min⁻¹;mol m⁻² s⁻¹;;;;;V;V;;;;;;;;;;;;;V;V;mV;mV;°C;°C;%;°C;mmol mol⁻¹;%;%;;V;V;V;V;V;V;V;mg;mg;mg;hrs;V;V;V;V;V;V;V;V;V;V;V;V;;;;;;;V;%;%;µmol/mol;mmol/mol;µmol/mol;;;;mmol/mol;;;;µmol mol⁻¹;µmol mol⁻¹;mmol mol⁻¹;mmol mol⁻¹;min;min;V;V;V;V;V;V;°C;V;;µmol s⁻¹;µmol s⁻¹;°C;°C;°C;°C;°C;%;%;%;°C;µmol mol⁻¹;mmol mol⁻¹;%;%
1;1748514359;0;20250529 12:25:59;12:25:59;4;;Ambient;1748514351;0,005530598;5,530597889;18,31643951;389,3008387;259,0538443;26,42342615;39,70858641;0,25692608;3,041408829;0,245448587;0,154393843;321,510416;27,40537562;26,3603871;3,446889123;33,62568773;1,20093217;3,571472438;2,245956954;-243,8993669;98,87455175;6,992233523;183,4778343;18,65469403;5,533817852;18,31643951;403,3403055;394,0190788;0,011969175;65,75202836;5,530597889;9,043921184;11,77640121;-8,37513E-07;77,19396181;33;8;1;0;53861,15575;-;-;0;0;#DIV/0!;0;-;-;0;0;#DIV/0!;0,5;1681,198084;18,31643951;#DIV/0!;0,010894873;#DIV/0!;#DIV/0!;-;0;#DIV/0!;#DIV/0!;#DIV/0!;#DIV/0!;#DIV/0!;#DIV/0!;#DIV/0!;#DIV/0!;;;;;;;;;;;;;;;;;;;;;;;;;;;;;;;;;;;2000,00129;1681,198084;0,8405985;0,160755104;2;0,5;0: Broadleaf;2;TRUE;1748514351;389,3008387;399,7043548;11,77387419;9,039802903;390,1427097;11,77785806;400,0380968;101,8997419;0,100003413;26,96339677;26,3603871;999,9;0;0;9994,753226;0;7,57145;-10,40354194;393,939;403,3505806;2,73406871;399,7043548;9,039802903;1,199755484;0,92115429;9,598512903;5,725538387;2000,00129;0,980001839;0,019997965;0;635,8765484;4,99998;12731,76774;22163,86129;38,187;38,812;37,86687097;38,125;40;1955,10129;39,9;0;1748514358;0;635,87596;-0,691923044;-44,40000007;12731,3;15;1748512724;11:58:43;1748354454;1748512702;2;-0,332;-0,003;-1,24;0,002;553;15;1,07;0,32;18,56404338;-0,605817769;0,150202609;0;0,260608526;-0,020375376;0,003047909;1;1;2;1/2;2,99487;2,81049;0,0952504;0,0976211;0,0673967;0,0558311;24650,7;25620;30997,7;31488,7;45304,4;43168,8;44876,4;42038;1,83145;2,26775;0,0625327;0;25,336;999,9;39,9;26,9;13,9326;62,42;8,82211;1;-0,099624;0,138208;20,2219;5,22238;11,9063;4,97175;3,273;9999;9999;9999;999,9;1,87947;1,87964;1,88169;1,87469;1,87805;1,87748;1,87454;1,88231;0;0;0;0;00000000;iiiiiiii;off;off;off;off;0;100;100;-0,842;-0,004;-1,092976038;0,001323616;-2,00882E-06;6,81171E-10;-0,086401966;0,013407564;-0,000705198;1,36654E-05;17;1974;3;22;2665,1;27,6;0,966797;2,52441;1,44531;2,15576;1,55029;2,43652;32,5097;24,1138;18;343,503;760,005;25;25,9582;30,0002;25,979;25,9531;19,358;40,1865;0;25;400;9,11166;101,436;100,515
2;1748514480;120,5;20250529 12:27:59;12:27:59;4;;Ambient;1748514472;0,005011677;5,011677124;17,42284136;390,0832667;253,3992207;25,84720938;39,78924576;0,230847235;3,041198557;0,221535491;0,139265007;321,5118592;27,55653807;26,41738333;3,458500009;33,66205077;1,203700966;3,575839674;2,254799043;-221,0149612;92,93361497;6,575114525;200,0056275;17,53350011;5,024879961;17,42284136;403,576644;394,7846667;-3,8735E-05;65,75202836;5,011677124;9,320094889;11,79607879;-2,6021E-06;77,19396181;33;8;1;0;53850,9027;-;-;0;0;#DIV/0!;0;-;-;0;0;#DIV/0!;0,5;1681,20568;17,42284136;#DIV/0!;0,010363302;#DIV/0!;#DIV/0!;-;0;#DIV/0!;#DIV/0!;#DIV/0!;#DIV/0!;#DIV/0!;#DIV/0!;#DIV/0!;#DIV/0!;;;;;;;;;;;;;;;;;;;;;;;;;;;;;;;;;;;2000,010333;1681,20568;0,840598497;0,160755099;2;0,5;0: Broadleaf;2;TRUE;1748514472;390,0832667;399,8288333;11,80076667;9,318292333;390,9252;11,80468333;400,0510667;101,9019;0,100029233;26,9842;26,41738333;999,9;0;0;9993,271667;0;7,57145;-9,745512;394,7416;403,5895667;2,482481667;399,8288333;9,318292333;1,202521667;0,949551967;9,632805;6,164460667;2000,010333;0,980001533;0,019998313;0;631,3638333;4,99998;12639,94667;22163,96667;38,187;38,76653333;37,8246;38,1208;40;1955,110333;39,9;0;1748514479;0;631,3726154;1,198769223;-46,58119662;12639,75;15;1748512724;11:58:43;1748354454;1748512702;2;-0,332;-0,003;-1,24;0,002;553;15;1,07;0,32;17,54145899;0,114002133;0,126813708;1;0,233014461;-0,006591136;0,001014953;1;2;2;2/2;2,99514;2,8106;0,0953941;0,0976391;0,067481;0,0571649;24646,1;25618,1;30996,8;31487;45299;43105,8;44875,1;42036,1;1,83145;2,26728;0,0622906;0;25,4068;999,9;39,9;27;14,0148;62,27;8,29327;1;-0,0990473;0,136928;20,2218;5,22223;11,9048;4,97185;3,273;9999;9999;9999;999,9;1,87945;1,8796;1,88171;1,87468;1,87805;1,87748;1,87453;1,8823;0;0;0;0;00000000;iiiiiiii;off;off;off;off;0;100;100;-0,842;-0,0039;-1,092976038;0,001323616;-2,00882E-06;6,81171E-10;-0,086401966;0,013407564;-0,000705198;1,36654E-05;17;1974;3;22;2667,1;29,6;0,979004;2,53418;1,44531;2,15576;1,55029;2,45728;32,5982;24,1138;18;343,55;759,707;24,9998;25,9648;30,0002;25,9877;25,9639;19,5959;39,0622;0;25;400;9,34938;101,433;100,51
3;1748514600;241;20250529 12:30:00;12:30:00;4;;Ambient;1748514592;0,004570824;4,570823569;16,66276802;390,6361667;247,7727042;25,27259334;39,84453823;0,20958916;3,042344821;0,201885436;0,126846955;321,5111144;27,65929209;26,41423333;3,457857422;33,60935507;1,201271305;3,574217065;2,256586117;-201,5733194;92,21798297;6,521669728;218,6774477;16,69464046;4,578254878;16,66276802;403,7649605;395,337503;0,0024573;65,75202836;4,570823569;9,51923192;11,77758788;2,06768E-06;77,19396181;33;8;1;0;53888,02186;-;-;0;0;#DIV/0!;0;-;-;0;0;#DIV/0!;0,5;1681,20176;16,66276802;#DIV/0!;0,009911224;#DIV/0!;#DIV/0!;-;0;#DIV/0!;#DIV/0!;#DIV/0!;#DIV/0!;#DIV/0!;#DIV/0!;#DIV/0!;#DIV/0!;;;;;;;;;;;;;;;;;;;;;;;;;;;;;;;;;;;2000,005667;1681,20176;0,840598498;0,160755102;2;0,5;0: Broadleaf;2;TRUE;1748514592;390,6361667;399,8772;11,77727333;9,515228667;391,4779333;11,78125;400,0217667;101,8991;0,100002047;26,97647333;26,41423333;999,9;0;0;10000,471;0;7,57145;-9,241080333;395,2916;403,7186;2,262047667;399,8772;9,515228667;1,200095;0,9695938;9,602721;6,467289;2000,005667;0,980001133;0,019998753;0;627,0429;4,99998;12552,36333;22163,91333;38,187;38,77893333;37,8372;38,0704;40;1955,105667;39,9;0;1748514599;0;627,02944;-5,954230783;-41,59230774;12551,916;15;1748512724;11:58:43;1748354454;1748512702;2;-0,332;-0,003;-1,24;0,002;553;15;1,07;0,32;16,72135909;-0,358452486;0,171685723;1;0,21259083;-0,010366113;0,001510563;1;2;2;2/2;2,99486;2,8107;0,0954909;0,0976431;0,0674004;0,0582889;24641,9;25616,8;30994,9;31485,6;45300,7;43052,2;44872,9;42034;1,83107;2,267;0,0619814;0;25,4016;999,9;39,9;27,1;14,0966;61,66;8,83414;1;-0,0980462;0,132663;20,2216;5,22253;11,9042;4,972;3,273;9999;9999;9999;999,9;1,87947;1,8796;1,88171;1,87469;1,87805;1,87748;1,87454;1,88232;0;0;0;0;00000000;iiiiiiii;off;off;off;off;0;100;100;-0,842;-0,0039;-1,092976038;0,001323616;-2,00882E-06;6,81171E-10;-0,086401966;0,013407564;-0,000705198;1,36654E-05;17;1974;3;22;2669,1;31,6;0,985107;2,54028;1,44531;2,15576;1,54907;2,3645;32,6869;24,105;18;343,43;759,569;24,9999;25,9691;30,0001;25,9964;25,9726;19,7365;37,9513;0;25;400;9,60521;101,428;100,505
4;1748514721;361,5;20250529 12:32:00;12:32:00;4;;Ambient;1748514713;-5,01979E-06;-0,005019789;0,448011622;390,9523333;3582,842533;365,0590909;39,83448954;-0,000219568;3,04259695;-0,000219577;-0,000137235;321,5101061;28,83186448;26,55928667;3,487556072;33,85980518;1,211923784;3,579240275;2,275632288;0,221372707;72,35418314;5,120801139;399,2064631;0,447533065;-0,005089624;0,448011622;608,8627511;395,6674182;-4,84759E-05;66,30307407;-0,005019789;14,26338993;11,90241189;4,17564E-06;77,23066533;4;100;1;0;53891,52567;-;-;0;0;#DIV/0!;0;-;-;0;0;#DIV/0!;0,5;1681,198713;0,448011622;#DIV/0!;0,000266483;#DIV/0!;#DIV/0!;-;0;#DIV/0!;#DIV/0!;#DIV/0!;#DIV/0!;#DIV/0!;#DIV/0!;#DIV/0!;#DIV/0!;;;;;;;;;;;;;;;;;;;;;;;;;;;;;;;;;;;2000,002333;1681,198713;0,840598376;0,160754865;2;0,5;0: Broadleaf;2;TRUE;1748514713;390,9523333;600,2525;11,89432667;14,25681;391,7941667;11,89802333;0,425745733;101,8956;-0,004688646;27,00038333;26,55928667;999,9;0;0;10002,33833;0;7,57145;-209,3001333;395,6585333;608,9338667;-2,362477667;600,2525;14,25681;1,21198;1,452706333;9,749530333;12,47926;2000,002333;0,9800024;0,019997357;0;620,9032667;4,99998;12435,59333;22163,87667;38,187;38,77893333;37,8204;38,062;40;1955,105333;39,89166667;0;1748514720;0;620,8775385;-2,890188027;-52,71794874;12435,2;15;1748512724;11:58:43;1748354454;1748512702;2;-0,332;-0,003;-1,24;0,002;553;15;1,07;0,32;0,420401401;0,115750337;0,066712663;1;-0,000206873;-3,49735E-05;2,18207E-05;1;2;2;2/2;2,50079;2,70176;0,0955065;0,131481;0,0679198;0,079249;24640,9;24645,8;30994,2;31471,1;45274,1;42074,3;44871,6;42014,8;0,414;2,26562;0,0701398;0;25,4166;999,9;40,8;27,2;14,5;61,9601;-100;0,5;-0,0971265;0,131138;20,2213;5,22253;11,9044;4,97185;3,273;9999;9999;9999;999,9;1,87944;1,8796;1,8817;1,87468;1,87805;1,87744;1,87454;1,88229;0;0;0;0;00000000;iiiiiiii;off;off;off;off;0;100;100;-0,841;-0,0036;-1,092976038;0,001323616;-2,00882E-06;6,81171E-10;-0,086401966;0,013407564;-0,000705198;1,36654E-05;17;1974;3;22;2671,1;33,6;4,55444;4,99634;0,895996;1,66138;0,999756;2,3877;32,7535;24,1138;2;0,711954;758,806;24,9999;25,9866;30,0002;26,132;26,0006;-1;-30;-30;25;400;9,60421;101,425;100,459
5;1748514841;482;20250529 12:34:01;12:34:01;4;;Ambient;1748514833;-4,87885E-06;-0,00487885;0,095906802;392,2835;1082,468918;110,2955721;39,97078562;-0,000213986;3,041794403;-0,000213994;-0,000133746;321,5094714;28,84661925;26,60700333;3,497374285;34,28548905;1,228195395;3,582260103;2,269178889;0,215157264;66,8649645;4,735025357;393,3246185;0,418054713;-0,004959778;0,095906802;609,6385569;397,2328424;0,024248905;66,30307407;-0,00487885;14,50029594;12,06483357;3,77172E-06;77,23066533;4;100;1;0;53863,92001;-;-;0;0;#DIV/0!;0;-;-;0;0;#DIV/0!;0,5;1681,19586;0,095906802;#DIV/0!;5,70468E-05;#DIV/0!;#DIV/0!;-;0;#DIV/0!;#DIV/0!;#DIV/0!;#DIV/0!;#DIV/0!;#DIV/0!;#DIV/0!;#DIV/0!;;;;;;;;;;;;;;;;;;;;;;;;;;;;;;;;;;;1999,999;1681,19586;0,84059835;0,160754816;2;0,5;0: Broadleaf;2;TRUE;1748514833;392,2835;599,9742667;12,05382333;14,49953667;393,1251;12,05713;0,4007006;101,8972;-0,004600334;27,01474333;26,60700333;999,9;0;0;9997,331667;0;7,57145;-207,6908333;397,0696333;608,8016333;-2,445707667;599,9742667;14,49953667;1,228249667;1,477461667;9,948443;12,73689;1999,999;0,9800042;0,019995773;0;616,7772667;4,99998;12348,13;22163,88333;38,187;38,7996;37,8246;38,062;40;1955,109;39,89;0;1748514841;0;616,75448;0,837846115;-40,75384608;12347,56;15;1748512724;11:58:43;1748354454;1748512702;2;-0,332;-0,003;-1,24;0,002;553;15;1,07;0,32;0,265105559;-0,380631256;0,151869267;1;-0,000221419;-4,37489E-05;3,92348E-05;1;2;2;2/2;2,5005;2,70199;0,0957834;0,131897;0,0686243;0,0801423;24632,4;24632,2;30993,1;31468,8;45238,5;42030,3;44870,2;42011,7;0,413775;2,26635;0,0719205;0;25,4273;999,9;40,8;27,3;14,5851;62,1901;-100;0,5;-0,0955564;0,128704;20,2217;5,22223;11,9077;4,9717;3,273;9999;9999;9999;999,9;1,87943;1,87959;1,8817;1,87469;1,87805;1,87747;1,87454;1,8823;0;0;0;0;00000000;iiiiiiii;off;off;off;off;0;100;100;-0,842;-0,0033;-1,092976038;0,001323616;-2,00882E-06;6,81171E-10;-0,086401966;0,013407564;-0,000705198;1,36654E-05;17;1974;3;22;2673,1;35,6;4,53857;4,99634;0,895996;1,66016;0,999756;2,56104;32,7535;24,1225;2;0,685205;759,855;24,9999;26,002;30,0001;26,1496;26,0216;-1;-30;-30;25;400;9,60421;101,422;100,452
6;1748514962;602,5;20250529 12:36:01;12:36:01;4;;Ambient;1748514954;-4,12718E-06;-0,004127181;-0,026870068;395,39;149,5861635;15,24211697;40,28835616;-0,000182219;3,042402499;-0,000182225;-0,00011389;321,507503;28,84305112;26,61958667;3,499967457;34,78617908;1,245909696;3,581622726;2,254057762;0,182008675;64,3174015;4,553927484;390,5608407;0,376284185;-0,00418918;-0,026870068;616,9804647;400,5238727;0,02936417;66,30307407;-0,004127181;14,64364285;12,23739161;2,47041E-06;77,23066533;4;100;1;0;53883,5178;-;-;0;0;#DIV/0!;0;-;-;0;0;#DIV/0!;0,5;1681,1855;-0,026870068;#DIV/0!;-1,59828E-05;#DIV/0!;#DIV/0!;-;0;#DIV/0!;#DIV/0!;#DIV/0!;#DIV/0!;#DIV/0!;#DIV/0!;#DIV/0!;#DIV/0!;;;;;;;;;;;;;;;;;;;;;;;;;;;;;;;;;;;1999,986667;1681,1855;0,840598354;0,160754823;2;0,5;0: Broadleaf;2;TRUE;1748514954;395,39;614,4206667;12,22736;14,64666667;396,2316;12,23026333;0,342077967;101,9002333;-0,005000382;27,01171333;26,61958667;999,9;0;0;10000,70833;0;7,57145;-219,0305667;400,2845;623,5536;-2,419314667;614,4206667;14,64666667;1,24597;1,492499667;10,16245;12,89153333;1999,986667;0,9800055;0,019994773;0;612,9048;4,99998;12279,06;22163,73333;38,18493333;38,7748;37,812;38,062;40;1955,096667;39,89;0;1748514961;0;612,99896;-3,137538427;-30,94615382;12278,9;15;1748512724;11:58:43;1748354454;1748512702;2;-0,332;-0,003;-1,24;0,002;553;15;1,07;0,32;-0,081555765;0,118728482;0,122858475;1;-0,000175922;-5,73794E-05;3,52707E-05;1;2;2;2/2;2,50049;2,70141;0,0963828;0,1329;0,0693721;0,0806934;24615,5;24602,8;30992,3;31467,6;45200,5;42003,6;44868,6;42010,2;0,41325;2,2662;0,0725649;0;25,4423;999,9;40,7;27,4;14,6351;62,1901;-100;0,5;-0,0954395;0,127282;20,2216;5,22223;11,9054;4,97225;3,273;9999;9999;9999;999,9;1,87945;1,87959;1,88171;1,87469;1,87805;1,87746;1,87454;1,8823;0;0;0;0;00000000;iiiiiiii;off;off;off;off;0;100;100;-0,842;-0,0029;-1,092976038;0,001323616;-2,00882E-06;6,81171E-10;-0,086401966;0,013407564;-0,000705198;1,36654E-05;17;1974;3;22;2675,1;37,7;4,52515;4,99634;0,895996;1,66016;0,999756;2,19116;32,7535;24,1225;2;0,622788;759,896;25;26,0107;30,0001;26,1605;26,0356;-1;-30;-30;25;400;9,60421;101,419;100,448
7;1748515082;723;20250529 12:38:02;12:38:02;4;;Ambient;1748515074;-3,45341E-06;-0,003453408;-0,00068202;399,4353333;378,3164756;38,54716567;40,698994;-0,000153411;3,04278742;-0,000153416;-9,58843E-05;321,5097906;28,85272982;26,63404;3,502948071;35,24248345;1,262998971;3,583739985;2,2399491;0,152295297;63,60539116;4,503496922;389,770974;0,295597194;-0,00354026;-0,00068202;607,488442;404,6667152;0,022005406;66,30307407;-0,003453408;14,76623175;12,40452238;3,15462E-06;77,23066533;4;100;1;0;53893,65551;-;-;0;0;#DIV/0!;0;-;-;0;0;#DIV/0!;0,5;1681,19754;-0,00068202;#DIV/0!;-4,05675E-07;#DIV/0!;#DIV/0!;-;0;#DIV/0!;#DIV/0!;#DIV/0!;#DIV/0!;#DIV/0!;#DIV/0!;#DIV/0!;#DIV/0!;;;;;;;;;;;;;;;;;;;;;;;;;;;;;;;;;;;2000,001;1681,19754;0,84059835;0,160754815;2;0,5;0: Broadleaf;2;TRUE;1748515074;399,4353333;600,2194667;12,39555;14,78187667;400,2766333;12,39807333;0,2930342;101,8967;-0,005378416;27,02177667;26,63404;999,9;0;0;10003,38167;0;7,57145;-200,7841;404,4486667;609,2248667;-2,386335333;600,2194667;14,78187667;1,263066333;1,506225333;10,36641333;13,03150333;2000,001;0,9800066;0,019993727;0;610,2522333;4,99998;12220,00333;22163,9;38,18286667;38,7624;37,812;38,062;40;1955,111;39,89;0;1748515081;0;610,2867308;-2,727829056;-25,77435897;12219,88846;15;1748512724;11:58:43;1748354454;1748512702;2;-0,332;-0,003;-1,24;0,002;553;15;1,07;0,32;-0,121099984;-0,080746577;0,120172125;1;-0,000163621;5,96736E-05;2,46644E-05;1;2;2;2/2;2,50048;2,70065;0,097125;0,131075;0,0700844;0,0812235;24594,4;24653,6;30991,3;31466,5;45165;41977,7;44867,7;42008,6;0,413;2,2652;0,0722557;0;25,4552;999,9;40,7;27,5;14,721;62,2101;-100;0,5;-0,0943801;0,131427;20,2215;5,22238;11,9062;4,972;3,273;9999;9999;9999;999,9;1,87947;1,8796;1,88171;1,87469;1,87805;1,87745;1,87454;1,88232;0;0;0;0;00000000;iiiiiiii;off;off;off;off;0;100;100;-0,842;-0,0025;-1,092976038;0,001323616;-2,00882E-06;6,81171E-10;-0,086401966;0,013407564;-0,000705198;1,36654E-05;17;1974;3;22;2677,1;39,7;4,51538;4,99634;0,895996;1,66016;0,999756;2,18628;32,7758;24,1138;2;0,593066;759,111;25;26,0173;30,0001;26,1694;26,0487;-1;-30;-30;25;400;9,60421;101,416;100,445
8;1748515203;843,5;20250529 12:40:02;12:40:02;4;;Ambient;1748515195;-4,40371E-06;-0,004403711;-0,271277303;403,9682;-1774,950264;-180,8422735;41,15863367;-0,000196979;3,041015223;-0,000196986;-0,000123115;321,5106851;28,85175258;26,63376667;3,502891683;35,68335984;1,278632134;3,583272818;2,224259549;0,194203664;63,24919519;4,4808308;389,4349148;0,386665195;-0,004448921;-0,271277303;605,1027691;409,4245576;0,049081269;66,30307407;-0,004403711;14,76308811;12,55833846;2,17663E-06;77,23066533;4;100;1;0;53838,59769;-;-;0;0;#DIV/0!;0;-;-;0;0;#DIV/0!;0,5;1681,20179;-0,271277303;#DIV/0!;-0,000161359;#DIV/0!;#DIV/0!;-;0;#DIV/0!;#DIV/0!;#DIV/0!;#DIV/0!;#DIV/0!;#DIV/0!;#DIV/0!;#DIV/0!;;;;;;;;;;;;;;;;;;;;;;;;;;;;;;;;;;;2000,006;1681,20179;0,840598373;0,16075486;2;0,5;0: Broadleaf;2;TRUE;1748515195;403,9682;597,5778;12,54965667;14,75962;404,8093667;12,55185;0,397571167;101,8909;-0,005074153;27,01955667;26,63376667;999,9;0;0;9993,243333;0;7,57145;-193,6096667;409,1022667;606,5300333;-2,209966667;597,5778;14,75962;1,278695667;1,503871333;10,55074667;13,00756;2000,006;0,980006233;0,019994033;0;607,6278333;4,99998;12167,71;22163,96;38,187;38,812;37,8561;38,0662;40;1955,114333;39,89166667;0;1748515202;0;607,63928;-3,363076936;-22,93076928;12167,46;15;1748512724;11:58:43;1748354454;1748512702;2;-0,332;-0,003;-1,24;0,002;553;15;1,07;0,32;-0,15620648;0,015882228;0,216504;1;-0,00018079;-8,55562E-05;4,1345E-05;1;2;2;2/2;2,50078;2,70128;0,0979801;0,13078;0,070738;0,0811714;24570;24661,3;30989,9;31465,8;45130,9;41979,6;44865,4;42008,1;0,413;2,2653;0,0718907;0;25,45;999,9;40,4;27,6;14,6989;61,8801;-100;0,5;-0,0937297;0,132614;20,221;5,22238;11,9054;4,97205;3,273;9999;9999;9999;999,9;1,87945;1,87959;1,8817;1,87469;1,87805;1,87745;1,87454;1,8823;0;0;0;0;00000000;iiiiiiii;off;off;off;off;0;100;100;-0,841;-0,0022;-1,092976038;0,001323616;-2,00882E-06;6,81171E-10;-0,086401966;0,013407564;-0,000705198;1,36654E-05;17;1974;3;22;2679,1;41,7;4,50562;4,99634;0,895996;1,66016;0,999756;2,42798;32,798;24,1225;2;0,593067;759,371;25,0001;26,0261;30,0001;26,1782;26,0596;-1;-30;-30;25;400;9,60421;101,411;100,443
9;1748515323;964;20250529 12:42:03;12:42:03;4;;Ambient;1748515315;-3,01738E-06;-0,003017381;-0,243137567;408,5286;-2422,629411;-246,8353263;41,62390245;-0,000135687;3,042528448;-0,00013569;-8,48059E-05;321,5078532;28,84216437;26,64425333;3,505055634;36,0936668;1,292697977;3,581509145;2,212357657;0,133066493;60,18544498;4,261706298;386,0880709;0,254988995;-0,00305456;-0,243137567;600,7724324;414,0578545;0,037457901;66,30307407;-0,003017381;14,8418599;12,69496923;8,1758E-07;77,23066533;4;100;1;0;53887,35423;-;-;0;0;#DIV/0!;0;-;-;0;0;#DIV/0!;0,5;1681,188458;-0,243137567;#DIV/0!;-0,000144622;#DIV/0!;#DIV/0!;-;0;#DIV/0!;#DIV/0!;#DIV/0!;#DIV/0!;#DIV/0!;#DIV/0!;#DIV/0!;#DIV/0!;;;;;;;;;;;;;;;;;;;;;;;;;;;;;;;;;;;1999,990333;1681,188458;0,840598292;0,160754704;2;0,5;0: Broadleaf;2;TRUE;1748515315;408,5286;590,6010333;12,68752;14,85151667;409,3696667;12,68941333;0,278725467;101,8912667;-0,003901982;27,01117333;26,64425333;999,9;0;0;10002,34967;0;7,57145;-182,0724;413,7784333;599,5047;-2,164002333;590,6010333;14,85151667;1,292748;1,513240667;10,71479667;13,10260333;1999,990333;0,980006633;0,019993553;0;605,5647;4,99998;12119,9;22163,77;38,187;38,812;37,875;38,125;40;1955,107333;39,886;0;1748515322;0;605,4982308;-1,108923058;-26,80341881;12119,89231;15;1748512724;11:58:43;1748354454;1748512702;2;-0,332;-0,003;-1,24;0,002;553;15;1,07;0,32;-0,201666881;-0,079018305;0,137927664;1;-0,000165057;0,000137706;4,47557E-05;1;2;2;2/2;2,50053;2,70348;0,098811;0,130089;0,0713198;0,0814587;24547,1;24680,7;30989,5;31465,5;45102,4;41966,1;44865,1;42007,8;0,413;2,26365;0,07765;0;25,408;999,9;40,4;27,7;14,7848;62,0202;-100;0,5;-0,094126;0,136495;20,2213;5,22298;11,9051;4,9719;3,273;9999;9999;9999;999,9;1,87943;1,8796;1,88171;1,87469;1,87805;1,87747;1,87454;1,88231;0;0;0;0;00000000;iiiiiiii;off;off;off;off;0;100;100;-0,841;-0,0019;-1,092976038;0,001323616;-2,00882E-06;6,81171E-10;-0,086401966;0,013407564;-0,000705198;1,36654E-05;17;1974;3;22;2681,2;43,7;4,49585;4,99634;0,895996;1,65894;0,999756;2,08862;32,8202;24,1138;2;0,593067;757,861;24,9999;26,0283;30;26,1803;26,0639;-1;-30;-30;25;400;9,60421;101,41;100,442
10;1748515444;1084,5;20250529 12:44:03;12:44:03;4;;Ambient;1748515436;-3,57037E-06;-0,003570367;-0,40672491;412,9309;-3551,417226;-361,8370742;42,0715729;-0,000161888;3,042600171;-0,000161892;-0,000101182;321,5104698;28,84375932;26,61597667;3,499223337;36,44041117;1,305230355;3,581821151;2,193992982;0,157453192;65,06847573;4,606745792;391,3431445;0,310312796;-0,003573741;-0,40672491;606,5429405;418,5735697;0,053708762;66,30307407;-0,003570367;14,94119709;12,81867832;1,39321E-06;77,23066533;4;100;1;0;53889,30973;-;-;0;0;#DIV/0!;0;-;-;0;0;#DIV/0!;0,5;1681,19562;-0,40672491;#DIV/0!;-0,000241926;#DIV/0!;#DIV/0!;-;0;#DIV/0!;#DIV/0!;#DIV/0!;#DIV/0!;#DIV/0!;#DIV/0!;#DIV/0!;#DIV/0!;;;;;;;;;;;;;;;;;;;;;;;;;;;;;;;;;;;1999,998;1681,19562;0,840598651;0,160755396;2;0,5;0: Broadleaf;2;TRUE;1748515436;412,9309;597,7611333;12,81078667;14,92217;413,7719;12,81242;0,3341846;101,8904333;-0,005171423;27,01265667;26,61597667;999,9;0;0;10002,865;0;7,57145;-184,8301667;418,2895667;606,8161;-2,111396667;597,7611333;14,92217;1,305295333;1,520427;10,85996333;13,17514;1999,998;0,979993;0,0200069;0;603,2312;4,99998;12075,18667;22163,76667;38,187;38,812;37,875;38,125;40;1955,088;39,91;0;1748515443;0;603,21056;-1,094769211;-23,23846149;12074,9;15;1748512724;11:58:43;1748354454;1748512702;2;-0,332;-0,003;-1,24;0,002;553;15;1,07;0,32;-0,178496371;0,41157905;0,146074214;1;-0,000152568;-8,36307E-05;2,46386E-05;1;2;2;2/2;2,50038;2,701;0,0996167;0,130454;0,0718407;0,0817961;24524,1;24669,6;30988,2;31464,5;45075,2;41949,6;44863,3;42006,6;0,413;2,26465;0,0728741;0;25,4315;999,9;40,3;27,7;14,7484;62,0801;-100;0,5;-0,0937043;0,143001;20,2214;5,22268;11,9056;4,97175;3,273;9999;9999;9999;999,9;1,87943;1,87958;1,88171;1,87467;1,87805;1,87747;1,87454;1,88229;0;0;0;0;00000000;iiiiiiii;off;off;off;off;0;100;100;-0,841;-0,0016;-1,092976038;0,001323616;-2,00882E-06;6,81171E-10;-0,086401966;0,013407564;-0,000705198;1,36654E-05;17;1974;3;22;2683,2;45,7;4,48608;4,99634;0,895996;1,65894;0,999756;2,55493;32,8424;24,1138;2;0,593067;758,849;24,9999;26,0305;30,0001;26,1825;26,0683;-1;-30;-30;25;400;9,60421;101,406;100,439
11;1748515564;1205;20250529 12:46:04;12:46:04;4;;Ambient;1748515556;-3,1591E-06;-0,003159102;-0,260709401;417,1560667;-2440,807986;-248,6669898;42,49942804;-0,000144163;3,042692113;-0,000144166;-9,01036E-05;321,512651;28,84005782;26,60057;3,496049152;36,75750378;1,316312556;3,581071674;2,179736596;0,139316404;67,01319418;4,743835302;393,4089969;0,267221941;-0,00319905;-0,260709401;587,6963153;422,8665636;0,039477135;66,30307407;-0,003159102;14,84757548;12,92695385;1,52332E-06;77,23066533;4;100;1;0;53892,69284;-;-;0;0;#DIV/0!;0;-;-;0;0;#DIV/0!;0,5;1681,2071;-0,260709401;#DIV/0!;-0,000155073;#DIV/0!;#DIV/0!;-;0;#DIV/0!;#DIV/0!;#DIV/0!;#DIV/0!;#DIV/0!;#DIV/0!;#DIV/0!;#DIV/0!;;;;;;;;;;;;;;;;;;;;;;;;;;;;;;;;;;;2000,011667;1681,2071;0,840598647;0,160755388;2;0,5;0: Broadleaf;2;TRUE;1748515556;417,1560667;579,6715333;12,92035667;14,85041333;417,9970667;12,92176667;0,327214933;101,8845;-0,005535655;27,00909333;26,60057;999,9;0;0;10004,00333;0;7,57145;-162,5154333;422,6164333;588,4095667;-1,930055333;579,6715333;14,85041333;1,316383667;1,513026667;10,98723667;13,10044667;2000,011667;0,979993467;0,020006387;0;600,7579333;4,99998;12033,33;22163,91333;38,187;38,812;37,875;38,125;40;1955,101667;39,91;0;1748515564;0;600,7750385;1,241333343;-20,48205123;12033,08077;15;1748512724;11:58:43;1748354454;1748512702;2;-0,332;-0,003;-1,24;0,002;553;15;1,07;0,32;-0,231616927;0,301192967;0,112358702;1;-0,000132106;-8,25796E-05;2,74374E-05;1;2;2;2/2;2,50055;2,70102;0,100372;0,128295;0,0722946;0,081488;24503;24730,6;30987,5;31464,3;45052,1;41963,4;44862,3;42006,3;0,413;2,26405;0,0731908;0;25,4026;999,9;40;27,8;14,7259;61,8601;-100;0,5;-0,0935595;0,146996;20,2212;5,22148;11,9053;4,97195;3,273;9999;9999;9999;999,9;1,87943;1,87961;1,88171;1,87469;1,87805;1,87747;1,87454;1,88232;0;0;0;0;00000000;iiiiiiii;off;off;off;off;0;100;100;-0,84;-0,0014;-1,092976038;0,001323616;-2,00882E-06;6,81171E-10;-0,086401966;0,013407564;-0,000705198;1,36654E-05;17;1974;3;22;2685,2;47,7;4,47754;4,99634;0,895996;1,65894;0,999756;2,54761;32,8647;24,1138;2;0,593067;758,388;25;26,0371;30,0001;26,1891;26,0727;-1;-30;-30;25;400;9,60421;101,404;100,439
12;1748515685;1325,5;20250529 12:48:04;12:48:04;4;;Ambient;1748515677;-3,39355E-06;-0,003393554;-0,161079333;421,1026;-1218,2466;-124,1078419;42,89947119;-0,000155889;3,042012007;-0,000155893;-9,7433E-05;321,5090866;28,83859092;26,57808;3,491420124;37,03820449;1,326217434;3,580674206;2,16520269;0,149655733;70,3766349;4,982438082;397,0178153;0,288393549;-0,003399761;-0,161079333;590,4917707;426,8533515;0,033762108;66,30307407;-0,003393554;14,89714201;13,02412867;5,86281E-07;77,23066533;4;100;1;0;53871,6879;-;-;0;0;#DIV/0!;0;-;-;0;0;#DIV/0!;0,5;1681,18834;-0,161079333;#DIV/0!;-9,58128E-05;#DIV/0!;#DIV/0!;-;0;#DIV/0!;#DIV/0!;#DIV/0!;#DIV/0!;#DIV/0!;#DIV/0!;#DIV/0!;#DIV/0!;;;;;;;;;;;;;;;;;;;;;;;;;;;;;;;;;;;1999,989333;1681,18834;0,840598653;0,160755401;2;0,5;0: Broadleaf;2;TRUE;1748515677;421,1026;581,1346667;13,01819333;14,88948;421,9436;13,01941;0,3586305;101,8796;-0,005445851;27,00720333;26,57808;999,9;0;0;10000,37367;0;7,57145;-160,0322;426,6569667;589,9183333;-1,871284667;581,1346667;14,88948;1,326289333;1,516935;11,10011;13,13991;1999,989333;0,9799936;0,020006243;0;598,982;4,99998;11992,75;22163,66667;38,25;38,854;37,875;38,14153333;40,03306667;1955,079333;39,91;0;1748515684;0;598,9323462;-0,223418836;-20,20170935;11992,78077;15;1748512724;11:58:43;1748354454;1748512702;2;-0,332;-0,003;-1,24;0,002;553;15;1,07;0,32;-0,084050616;0,236808816;0,174032485;1;-0,000170112;2,31822E-05;3,72618E-05;1;2;2;2/2;2,50047;2,7012;0,101082;0,128701;0,0727023;0,0819031;24482,8;24718,7;30986,5;31463,9;45031,1;41943,8;44861;42005,7;0,413;2,26347;0,0745952;0;25,3567;999,9;39,9;27,9;14,7765;62,1001;-100;0,5;-0,0931199;0,151721;20,2214;5,22148;11,9048;4,97175;3,273;9999;9999;9999;999,9;1,87943;1,87959;1,88171;1,87469;1,87805;1,87747;1,87454;1,88232;0;0;0;0;00000000;iiiiiiii;off;off;off;off;0;100;100;-0,841;-0,0013;-1,092976038;0,001323616;-2,00882E-06;6,81171E-10;-0,086401966;0,013407564;-0,000705198;1,36654E-05;17;1974;3;22;2687,2;49,7;4,47266;4,99634;0,895996;1,65894;0,999756;2,11304;32,9092;24,1138;2;0,593067;757,906;24,9999;26,0415;30,0001;26,1936;26,077;-1;-30;-30;25;400;9,60421;101,401;100,437
13;1748515805;1446;20250529 12:50:05;12:50:05;4;;Ambient;1748515797;-2,58232E-06;-0,002582322;-0,247473182;424,7759667;-2572,940773;-262,1060976;43,27203027;-0,000130603;3,042327226;-0,000130606;-8,16286E-05;0,003989968;26,29146136;25,64189667;3,303415599;38,89330264;1,335112742;3,432757445;1,968302857;0,113880416;106,4301513;7,472008784;114,0200305;0,214735424;-0,002577792;-0,247473182;584,1713168;430,6423939;0,034566908;66,30307407;-0,002582322;14,9187263;13,11112378;9,43125E-07;77,23066533;4;100;1;0;54010,42251;-;-;0;0;#DIV/0!;0;-;-;0;0;#DIV/0!;0,5;0,020999832;-0,247473182;#DIV/0!;-11,78453153;#DIV/0!;#DIV/0!;-;0;#DIV/0!;#DIV/0!;#DIV/0!;#DIV/0!;#DIV/0!;#DIV/0!;#DIV/0!;#DIV/0!;;;;;;;;;;;;;;;;;;;;;;;;;;;;;;;;;;;0,0499998;0,020999832;0,41999832;0,079799681;2;0,5;0: Broadleaf;2;TRUE;1748515797;424,7759667;575,4281333;13,10601333;14,89996333;425,6169667;13,10705667;0,2836208;101,8757;-0,005458594;26,29079;25,64189667;999,9;0;0;10002,66167;0;7,57145;-150,6521;430,417;584,1317;-1,793962667;575,4281333;14,89996333;1,335183333;1,517944333;11,20085333;13,15011;0,0499998;0;0;0;424,32;0,0499998;-2,662666667;-1,499666667;35,44973333;38,5372;36,91646667;37,7248;38,16226667;0;0;0;1748515804;0;424,3376;32,40461532;-9,854615264;-2,842;15;1748512724;11:58:43;1748354454;1748512702;2;-0,332;-0,003;-1,24;0,002;553;15;1,07;0,32;-0,142414337;-0,085563384;0,215667808;1;-0,000138943;7,48508E-05;3,13789E-05;1;2;2;2/2;2,50039;2,70093;0,10174;0,127806;0,0730643;0,0817451;24465;24744,1;30986,6;31463,9;45013,3;41951,3;44860,9;42006,1;0,413;2,26285;0,0432879;0;24,915;999,9;39,7;28;14,7883;61,9401;-100;0,5;-0,0935163;0,0727151;20,2423;5,22313;11,9081;4,9729;3,273;9999;9999;9999;999,9;1,87945;1,87961;1,88171;1,87469;1,87805;1,87748;1,87454;1,88232;0;0;0;0;00000000;iiiiiiii;off;off;off;off;0;100;100;-0,841;-0,0011;-1,092976038;0,001323616;-2,00882E-06;6,81171E-10;-0,086401966;0,013407564;-0,000705198;1,36654E-05;17;1974;3;22;2689,2;51,7;4,45801;4,99634;0,895996;1,65894;0,999756;2,39624;32,9315;24,14;2;0,593067;757,349;24,9989;26,0436;30;26,1958;26,0792;-1;-30;-30;25;400;9,60421;101,401;100,438
14;1748515926;1566,5;20250529 12:52:05;12:52:05;4;;Ambient;1748515918;-3,07437E-06;-0,003074372;-0,061161744;428,1559333;-249,2085534;-25,38578211;43,61436669;-0,000145116;3,040894793;-0,00014512;-9,06998E-05;321,5076564;28,55470631;26,37710333;3,450290908;38,14131065;1,343041405;3,521225102;2,107249504;0,135579793;56,61364886;3,999798086;382,2566832;0,257262926;-0,003074995;-0,061161744;582,4280387;434,0893515;0,023858216;66,30307407;-0,003074372;14,91747112;13,18812028;6,36232E-07;77,23066533;4;100;1;0;53887,78145;-;-;0;0;#DIV/0!;0;-;-;0;0;#DIV/0!;0,5;1681,18356;-0,061161744;#DIV/0!;-3,63802E-05;#DIV/0!;#DIV/0!;-;0;#DIV/0!;#DIV/0!;#DIV/0!;#DIV/0!;#DIV/0!;#DIV/0!;#DIV/0!;#DIV/0!;;;;;;;;;;;;;;;;;;;;;;;;;;;;;;;;;;;1999,984;1681,18356;0,840598505;0,160755114;2;0,5;0: Broadleaf;2;TRUE;1748515918;428,1559333;573,5700667;13,18444333;14,90844667;428,9970333;13,18533667;0,352024033;101,8711333;-0,005520154;26,72243333;26,37710333;999,9;0;0;9994,455;0;7,57145;-145,4139667;433,8764;582,2504333;-1,723992;573,5700667;14,90844667;1,343115667;1,518741667;11,29019667;13,15813667;1999,984;0,980001333;0,019998527;0;598,9392667;4,99998;11939,54;22163,68;36,6997;38,05373333;36,5725;37,43286667;38,63946667;1955,084;39,9;0;1748515925;0;598,95408;-4,204307697;-63,29230761;11939,104;15;1748512724;11:58:43;1748354454;1748512702;2;-0,332;-0,003;-1,24;0,002;553;15;1,07;0,32;-0,134117437;-0,237014873;0,173787609;1;-0,000127703;-7,57627E-05;3,43328E-05;1;2;2;2/2;2,50038;2,7009;0,102349;0,127257;0,0733845;0,0818637;24447,9;24759,5;30985,9;31463,7;44996,7;41945,6;44859,8;42005,8;0,413;2,26338;0,0759736;0;25,1356;999,9;39,6;28;14,7516;61,9402;-100;0,5;-0,0937297;0,0571351;20,2214;5,22208;11,906;4,97175;3,273;9999;9999;9999;999,9;1,87943;1,87961;1,88171;1,87469;1,87805;1,87752;1,87454;1,88232;0;0;0;0;00000000;iiiiiiii;off;off;off;off;0;100;100;-0,841;-0,0009;-1,092976038;0,001323616;-2,00882E-06;6,81171E-10;-0,086401966;0,013407564;-0,000705198;1,36654E-05;17;1974;3;22;2691,2;53,7;4,44946;4,99634;0,895996;1,65894;0,999756;2,06299;32,9537;24,1138;2;0,593067;757,85;24,9999;26,0415;30;26,1958;26,0814;-1;-30;-30;25;400;9,60421;101,398;100,437
15;1748516046;1687,1;20250529 12:54:06;12:54:06;4;;Ambient;1748516038;-3,00201E-06;-0,003002008;-0,145022939;431,2597742;-1056,579316;-107,6223373;43,92778105;-0,000154942;3,041518837;-0,000154947;-9,68413E-05;0,003989968;26,13063511;25,5151;3,278645037;39,70322414;1,350018347;3,400273847;1,92862669;0,132388534;100,8045624;7,068725847;108,0096667;0,217796047;-0,00304881;-0,145022939;571,3256904;437,2489697;0,026935834;66,30307407;-0,003002008;15,07565084;13,25777203;-1,3168E-07;77,23066533;4;100;1;0;54013,92455;-;-;0;0;#DIV/0!;0;-;-;0;0;#DIV/0!;0,5;0,020999832;-0,145022939;#DIV/0!;-6,905909496;#DIV/0!;#DIV/0!;-;0;#DIV/0!;#DIV/0!;#DIV/0!;#DIV/0!;#DIV/0!;#DIV/0!;#DIV/0!;#DIV/0!;;;;;;;;;;;;;;;;;;;;;;;;;;;;;;;;;;;0,0499998;0,020999832;0,41999832;0,079799681;2;0,5;0: Broadleaf;2;TRUE;1748516038;431,2597742;564,2056774;13,25376774;15,10129355;432,101;13,25453548;0,325668129;101,8645161;-0,005303474;26,12985806;25,5151;999,9;0;0;9998,874194;0;7,57145;-132,945871;437,0524839;572,8566129;-1,847511613;564,2056774;15,10129355;1,35008871;1,538286129;11,36836774;13,35406452;0,0499998;0;0;0;430,4303226;0,0499998;-4,349354839;-1,09516129;35,52;39,46948387;37,39277419;39,09248387;38,50177419;0;0;0;1748516045;0;430,3807692;8,231111213;8,903589713;-4,291923077;15;1748512724;11:58:43;1748354454;1748512702;2;-0,332;-0,003;-1,24;0,002;553;15;1,07;0,32;-0,109881514;-0,142832339;0,114180848;1;-0,000152538;-6,92025E-05;3,25257E-05;1;2;2;2/2;2,50033;2,7012;0,102896;0,125277;0,0736748;0,0822552;24432,7;24815,4;30985,5;31463,4;44982,5;41927,2;44859,7;42005,3;0,413;2,26227;0,0451133;0;24,7758;999,9;39,7;28,1;14,875;61,6711;-100;0,5;-0,0940777;-0,00439542;20,2443;5,22328;11,9081;4,97165;3,273;9999;9999;9999;999,9;1,87943;1,87961;1,88171;1,87469;1,87805;1,87748;1,87454;1,8823;0;0;0;0;00000000;iiiiiiii;off;off;off;off;0;100;100;-0,841;-0,0008;-1,092976038;0,001323616;-2,00882E-06;6,81171E-10;-0,086401966;0,013407564;-0,000705198;1,36654E-05;17;1974;3;22;2693,2;55,7;4,44214;4,99634;0,895996;1,65894;0,999756;2,35474;32,976;24,14;2;0,593072;756,739;24,9991;26,0349;30,0001;26,1891;26,0792;-1;-30;-30;25;400;9,60421;101,398;100,436
16;1748516167;1807,6;20250529 12:56:06;12:56:06;4;;Ambient;1748516159;-2,74099E-06;-0,002740991;-0,096206523;434,1753;-737,617515;-75,13128375;44,22366199;-0,000130793;3,041185716;-0,000130796;-8,17471E-05;321,5207526;28,57495535;26,32949333;3,440609892;38,47258392;1,356337358;3,525464682;2,084272534;0,120877701;67,77739145;4,787416503;394,2064383;0,17571605;-0,002686724;-0,096206523;555,5046754;440,1870667;0,020526339;66,30307407;-0,002740991;15,05184092;13,31924685;3,11163E-07;77,23066533;4;100;1;0;53892,99397;-;-;0;0;#DIV/0!;0;-;-;0;0;#DIV/0!;0,5;1681,25194;-0,096206523;#DIV/0!;-5,72231E-05;#DIV/0!;#DIV/0!;-;0;#DIV/0!;#DIV/0!;#DIV/0!;#DIV/0!;#DIV/0!;#DIV/0!;#DIV/0!;#DIV/0!;;;;;;;;;;;;;;;;;;;;;;;;;;;;;;;;;;;2000,065333;1681,25194;0,84059851;0,160755125;2;0,5;0: Broadleaf;2;TRUE;1748516159;434,1753;545,7957333;13,31613333;15,01135333;435,0165333;13,31675667;0,312755533;101,8619;-0,005202979;26,74288;26,32949333;999,9;0;0;9997,118333;0;7,57145;-111,6205333;440,0346667;554,1139;-1,695230667;545,7957333;15,01135333;1,356406667;1,529085667;11,43886667;13,26203333;2000,065333;0,980000333;0,019999783;0;593,8368667;4,99998;11932,82333;22164,55667;39,34546667;41,32893333;39,258;41,93726667;41,358;1955,163667;39,902;0;1748516166;0;593,74888;-4,42346155;-72,75384623;11932,048;15;1748512724;11:58:43;1748354454;1748512702;2;-0,332;-0,003;-1,24;0,002;553;15;1,07;0,32;-0,109996035;0,125569575;0,127812565;1;-0,000119209;-7,93659E-05;3,56287E-05;1;2;2;2/2;2,50055;2,70158;0,103412;0,123081;0,0739311;0,0825473;24418,4;24877,8;30985,1;31463,4;44969,4;41914;44859;42005,4;0,413;2,263;0,0775382;0;25,0652;999,9;39,5;28,2;14,8874;61,7311;-100;0,5;-0,0954497;0,00694444;20,2213;5,22253;11,9039;4,9724;3,273;9999;9999;9999;999,9;1,87943;1,87963;1,88171;1,87469;1,87805;1,87746;1,87454;1,88232;0;0;0;0;00000000;iiiiiiii;off;off;off;off;0;100;100;-0,842;-0,0006;-1,092976038;0,001323616;-2,00882E-06;6,81171E-10;-0,086401966;0,013407564;-0,000705198;1,36654E-05;17;1974;3;22;2695,2;57,7;4,43359;4,99634;0,895996;1,65894;0,999756;2,10327;32,9983;24,1225;2;0,593066;757,326;25,0005;26,0218;30,0001;26,1771;26,0705;-1;-30;-30;25;400;9,60421;101,396;100,436
17;1748516287;1928,1;20250529 12:58:07;12:58:07;4;;Ambient;1748516279;-3,2783E-06;-0,003278302;25,91191405;436,7241333;240606,1425;24507,49703;44,48355013;-0,000169988;3,042459857;-0,000169993;-0,000106245;0,003989968;26,22988951;25,52878333;3,281310331;39,81474158;1,361768548;3,420262179;1,919541783;0,144573101;114,8602136;8,05642546;123,0652021;30,00604778;-0,003335286;25,91191405;14148,63547;442,7941697;0,023825062;66,30307407;-0,003278302;15,0371625;13,37187902;8,22818E-08;77,23066533;4;100;1;0;54025,43707;-;-;0;0;#DIV/0!;0;-;-;0;0;#DIV/0!;0,5;0,020999832;25,91191405;#DIV/0!;1233,91054;#DIV/0!;#DIV/0!;-;0;#DIV/0!;#DIV/0!;#DIV/0!;#DIV/0!;#DIV/0!;#DIV/0!;#DIV/0!;#DIV/0!;;;;;;;;;;;;;;;;;;;;;;;;;;;;;;;;;;;0,0499998;0,020999832;0,41999832;0,079799681;2;0,5;0: Broadleaf;2;TRUE;1748516279;436,7241333;15878,56;13,36937333;15,06292667;437,5655;13,36991333;0,3886143;101,8626667;-0,005345905;26,22904333;25,52878333;999,9;0;0;10004,74333;0;7,57145;-15441,84;442,6419333;16121,46667;-1,693559667;15878,56;15,06292667;1,361839;1,53435;11,49926667;13,3148;0,0499998;0;0;0;429,4986667;0,0499998;-2,202;-1,41;36,28933333;39,406;37,79973333;38,7185;38,96436667;0;0;0;1748516286;0;430,2076;43,65230713;-11,53923063;-2,33;15;1748512724;11:58:43;1748354454;1748512702;2;-0,332;-0,003;-1,24;0,002;553;15;1,07;0,32;13,93773462;90,8671103;15,41171564;0;-0,000157411;-0,000200888;4,32505E-05;1;1;2;1/2;2,50026;2,70114;0,10387;0,564866;0,0741569;0,0822159;24405,6;12373,7;30984,7;31463,4;44957,5;41933,4;44858,1;42007,5;0,413;2,26868;0,0466779;0;24,7503;999,9;39,3;28,2;14,8133;61,9911;-100;0,5;-0,0957546;-0,00822712;20,2425;5,22313;11,9081;4,97325;3,273;9999;9999;9999;999,9;1,87945;1,87962;1,88171;1,87469;1,87806;1,87745;1,87454;1,88231;0;0;0;0;00000000;iiiiiiii;off;off;off;off;0;100;100;-0,842;-0,0005;-1,092976038;0,001323616;-2,00882E-06;6,81171E-10;-0,086401966;0,013407564;-0,000705198;1,36654E-05;17;1974;3;22;2697,2;59,8;4,42627;4,99634;0,895996;1,65894;0,999756;2,35596;33,0429;24,14;2;0,593066;762,739;24,9995;26,013;30,0002;26,1694;26,0639;-1;-30;-30;25;400;9,60421;101,394;100,439
18;1748516408;2048,6;20250529 13:00:07;13:00:07;4;;Ambient;1748516400;-2,32981E-06;-0,002329815;-0,200152866;439,5149;-2393,407198;-243,7674874;44,76440236;-0,000111756;3,041623685;-0,000111759;-6,9849E-05;321,5107482;28,56494705;26,32655;3,440012174;38,79345852;1,366876191;3,52347082;2,073135983;0,102744822;66,69340555;4,709875223;393,0167738;0,392461195;-0,002363716;-0,200152866;694,6764967;445,7157758;0,040320196;66,30307407;-0,002329815;15,09558952;13,42507832;1,2135E-07;77,23066533;4;100;1;0;53908,25281;-;-;0;0;#DIV/0!;0;-;-;0;0;#DIV/0!;0,5;1681,20258;-0,200152866;#DIV/0!;-0,000119053;#DIV/0!;#DIV/0!;-;0;#DIV/0!;#DIV/0!;#DIV/0!;#DIV/0!;#DIV/0!;#DIV/0!;#DIV/0!;#DIV/0!;;;;;;;;;;;;;;;;;;;;;;;;;;;;;;;;;;;2000,007;1681,20258;0,840598348;0,160754811;2;0,5;0: Broadleaf;2;TRUE;1748516400;439,5149;723,7528;13,42054;15,11395667;440,3563333;13,42099;0,2754188;101,8548333;-0,005266099;26,73326667;26,32655;999,9;0;0;10000,45833;0;7,57145;-284,238;445,4936;734,8609333;-1,693411;723,7528;15,11395667;1,366947;1,539429333;11,55585333;13,36547667;2000,007;0,9800058;0,019994557;0;594,9247667;4,99998;11878,90667;22163,97667;37,2458;38,50413333;37,13326667;37,875;39,15806667;1955,117;39,89;0;1748516407;0;594,9168462;-2,639042758;-54,59145299;11878,81538;15;1748512724;11:58:43;1748354454;1748512702;2;-0,332;-0,003;-1,24;0,002;553;15;1,07;0,32;0,240500735;-0,710363111;0,258005465;0;-0,000112025;-4,49806E-06;2,98628E-05;1;1;2;1/2;2,50044;2,701;0,104374;0,141289;0,0743697;0,0822845;24391,7;24361,6;30984,4;31463,3;44947,4;41926,3;44858,4;42005,6;0,413;2,2621;0,076998;0;25,0715;999,9;39,2;28,3;14,8626;62,0212;-100;0,5;-0,0961484;0,0191449;20,2216;5,22268;11,9057;4,97185;3,273;9999;9999;9999;999,9;1,87943;1,8796;1,88171;1,87469;1,87805;1,87745;1,87454;1,88232;0;0;0;0;00000000;iiiiiiii;off;off;off;off;0;100;100;-0,841;-0,0004;-1,092976038;0,001323616;-2,00882E-06;6,81171E-10;-0,086401966;0,013407564;-0,000705198;1,36654E-05;17;1974;3;22;2699,2;61,8;4,41895;4,99634;0,895996;1,65894;0,999756;2,41699;33,0875;24,1138;2;0,593066;756,419;25,0004;26,0107;30;26,1672;26,0617;-1;-30;-30;25;400;9,60421;101,394;100,436
19;1748516528;2169,1;20250529 13:02:08;13:02:08;4;;Ambient;1748516520;-2,89854E-06;-0,002898543;-0,023201124;443,1031333;187,8180498;19,12961976;45,13088313;-0,00015114;3,042253737;-0,000151145;-9,4465E-05;0,003989968;26,14146421;25,52379;3,280337491;40,31503783;1,371701615;3,402456474;1,908635876;0,127825736;101,1840534;7,094318985;108,4101881;0,36368754;-0,002909568;-0,023201124;643,2201676;449,4013212;0,028884972;66,30307407;-0,002898543;14,97569823;13,47047133;1,10642E-07;77,23066533;4;100;1;0;54034,81004;-;-;0;0;#DIV/0!;0;-;-;0;0;#DIV/0!;0,5;0,020999832;-0,023201124;#DIV/0!;-1,104824253;#DIV/0!;#DIV/0!;-;0;#DIV/0!;#DIV/0!;#DIV/0!;#DIV/0!;#DIV/0!;#DIV/0!;#DIV/0!;#DIV/0!;;;;;;;;;;;;;;;;;;;;;;;;;;;;;;;;;;;0,0499998;0,020999832;0,41999832;0,079799681;2;0,5;0: Broadleaf;2;TRUE;1748516520;443,1031333;633,7513667;13,46761333;14,97764667;443,9447;13,46797333;0,380174833;101,8569333;-0,005062427;26,14071333;25,52379;999,9;0;0;10004,06033;0;7,57145;-190,6483667;449,1521333;643,3878667;-1,510036;633,7513667;14,97764667;1,371769333;1,525575667;11,60912;13,22693333;0,0499998;0;0;0;434,5916667;0,0499998;-4,294;-1,534333333;34,804;38,0914;36,2998;37,32046667;37,56233333;0;0;0;1748516527;0;434,5012;0,986153784;13,15153843;-4,1524;15;1748512724;11:58:43;1748354454;1748512702;2;-0,332;-0,003;-1,24;0,002;553;15;1,07;0,32;-0,056074409;0,041904737;0,152396344;1;-0,000146765;-7,51168E-05;3,26072E-05;1;2;2;2/2;2,50059;2,70114;0,105015;0,13673;0,0745608;0,0820076;24373,2;24490,6;30983;31463;44936,1;41938,5;44856,3;42005,2;0,413;2,2631;0,0438914;0;24,7916;999,9;38,9;28,4;14,8346;61,9812;-100;0,5;-0,0953887;-0,0133551;20,2427;5,22478;11,9075;4,9729;3,273;9999;9999;9999;999,9;1,87944;1,87962;1,8817;1,87469;1,87805;1,87744;1,87454;1,88231;0;0;0;0;00000000;iiiiiiii;off;off;off;off;0;100;100;-0,841;-0,0004;-1,092976038;0,001323616;-2,00882E-06;6,81171E-10;-0,086401966;0,013407564;-0,000705198;1,36654E-05;17;1974;3;22;2701,2;63,8;4,41162;4,99634;0,895996;1,65894;0,999756;2,3584;33,1099;24,14;2;0,593066;757,28;24,9995;26,0173;30,0002;26,1716;26,0639;-1;-30;-30;25;400;9,60421;101,39;100,435
20;1748516649;2289,6;20250529 13:04:08;13:04:08;4;;Ambient;1748516641;-2,96623E-06;-0,002966232;-0,167443415;446,9058333;-1424,357763;-145,0799726;45,52022515;-0,000141928;3,040319844;-0,000141931;-8,87068E-05;321,5084482;28,52301275;26,39752;3,454449715;39,15745493;1,376224776;3,514591995;2,078224938;0,130810821;48,0058798;3,392096287;373,0372351;0,347502568;-0,002962945;-0,167443415;640,8027658;453,2775758;0,038648115;66,30307407;-0,002966232;15,06250644;13,51294755;-3,14048E-07;77,23066533;4;100;1;0;53875,34067;-;-;0;0;#DIV/0!;0;-;-;0;0;#DIV/0!;0,5;1681,18498;-0,167443415;#DIV/0!;-9,95984E-05;#DIV/0!;#DIV/0!;-;0;#DIV/0!;#DIV/0!;#DIV/0!;#DIV/0!;#DIV/0!;#DIV/0!;#DIV/0!;#DIV/0!;;;;;;;;;;;;;;;;;;;;;;;;;;;;;;;;;;;1999,985333;1681,18498;0,840598654;0,160755403;2;0,5;0: Broadleaf;2;TRUE;1748516641;446,9058333;630,5375333;13,51142;15,06189;447,7478;13,51169333;0,377035567;101,8599333;-0,003520286;26,6904;26,39752;999,9;0;0;9992,081667;0;7,57145;-183,6316667;453,0269667;640,18;-1,55047;630,5375333;15,06189;1,376273333;1,534203667;11,6587;13,31335333;1999,985333;0,979994933;0,020004833;0;592,5904667;4,99998;11872,59333;22163,63;38,3164;40,19973333;38,20386667;40,35393333;40,32893333;1955,075333;39,91;0;1748516648;0;592,5374;-6,328461556;-44,63076929;11872,076;15;1748512724;11:58:43;1748354454;1748512702;2;-0,332;-0,003;-1,24;0,002;553;15;1,07;0,32;-0,084493234;-0,054851557;0,168387226;1;-0,000138286;-2,16635E-05;1,96892E-05;1;2;2;2/2;2,50047;2,70318;0,105689;0,13607;0,0747418;0,0824008;24354,3;24508,3;30982,4;31461,8;44926,5;41918,8;44855,5;42003,5;0,413;2,26372;0,0802763;0;25,1013;999,9;38,9;28,4;14,8334;61,9812;-100;0,5;-0,0949441;0,00795207;20,2233;5,22208;11,9053;4,9718;3,273;9999;9999;9999;999,9;1,87943;1,87965;1,88171;1,87469;1,87805;1,87748;1,87454;1,8823;0;0;0;0;00000000;iiiiiiii;off;off;off;off;0;100;100;-0,842;-0,0003;-1,092976038;0,001323616;-2,00882E-06;6,81171E-10;-0,086401966;0,013407564;-0,000705198;1,36654E-05;17;1974;3;22;2703,2;65,8;4,40552;4,99634;0,895996;1,65771;0,999756;2,30225;33,1545;24,1225;2;0,593067;758,025;25,0004;26,0239;30,0001;26,1782;26,0705;-1;-30;-30;25;400;9,60421;101,388;100,431
21;1748516769;2410,1;20250529 13:06:09;13:06:09;4;;Ambient;1748516761;-2,90152E-06;-0,002901522;-0,045752417;450,7277667;-37,49233653;-3,819046244;45,91205413;-0,000151901;3,041905683;-0,000151906;-9,49406E-05;0,003989968;26,24533165;25,53077;3,28169746;40,32757093;1,380575066;3,423402486;1,901122394;0,127957131;117,0614274;8,213039632;125,4064141;0,322132149;-0,002914814;-0,045752417;625,1435174;457,1711818;0,027899934;66,30307407;-0,002901522;15,00366676;13,55594476;-9,43661E-09;77,23066533;4;100;1;0;54005,38199;-;-;0;0;#DIV/0!;0;-;-;0;0;#DIV/0!;0,5;0,020999832;-0,045752417;#DIV/0!;-2,178703976;#DIV/0!;#DIV/0!;-;0;#DIV/0!;#DIV/0!;#DIV/0!;#DIV/0!;#DIV/0!;#DIV/0!;#DIV/0!;#DIV/0!;;;;;;;;;;;;;;;;;;;;;;;;;;;;;;;;;;;0,0499998;0,020999832;0,41999832;0,079799681;2;0,5;0: Broadleaf;2;TRUE;1748516761;450,7277667;613,0091333;13,55338;15,00781333;451,5700667;13,55358;0,395385333;101,8671667;-0,005117052;26,24458;25,53077;999,9;0;0;10000,95167;0;7,57145;-162,2813333;456,9207333;622,3492667;-1,454418667;613,0091333;15,00781333;1,380646667;1,528802333;11,70670667;13,25930667;0,0499998;0;0;0;428,947;0,0499998;-2,689666667;-1,076;37,27473333;40,46646667;38,73726667;40,32893333;39,9706;0;0;0;1748516768;0;428,834;-1,253846084;16,59307698;-2,3256;15;1748512724;11:58:43;1748354454;1748512702;2;-0,332;-0,003;-1,24;0,002;553;15;1,07;0,32;-0,132347174;0,057749037;0,119136214;1;-0,000151613;-3,75435E-05;1,9775E-05;1;2;2;2/2;2,50062;2,70314;0,106366;0,134054;0,074921;0,0821606;24335,7;24565;30982,2;31461,3;44917,5;41929,5;44855,2;42003,2;0,413;2,26238;0,0467077;0;24,7499;999,9;38,7;28,5;14,8422;61,7312;-100;0,5;-0,0943572;0,000294118;20,2421;5,22238;11,9078;4,97225;3,273;9999;9999;9999;999,9;1,87944;1,87966;1,88171;1,87469;1,87805;1,87749;1,87454;1,88231;0;0;0;0;00000000;iiiiiiii;off;off;off;off;0;100;100;-0,842;-0,0002;-1,092976038;0,001323616;-2,00882E-06;6,81171E-10;-0,086401966;0,013407564;-0,000705198;1,36654E-05;17;1974;3;22;2705,3;67,8;4,40063;4,99634;0,895996;1,65771;0,999756;2,54517;33,1992;24,1488;2;0,593067;756,713;24,9997;26,0283;30,0002;26,1825;26,0727;-1;-30;-30;25;400;9,60421;101,387;100,43
22;1748516890;2530,6;20250529 13:08:09;13:08:09;4;;Ambient;1748516882;-2,15808E-06;-0,002158078;-0,466439489;454,3769667;-6594,448046;-671,7706803;46,28698594;-0,000104371;3,042079065;-0,000104373;-6,52327E-05;321,509991;28,61124369;26,33091333;3,440898292;39,1851003;1,384471077;3,533156905;2,056427215;0,095171243;73,63969044;5,200971176;400,4458239;0,21965812;-0,00217769;-0,466439489;609,6629955;460,8742909;0,051592715;66,30307407;-0,002158078;15,00226663;13,59279161;2,9827E-07;77,23066533;4;100;1;0;53914,52112;-;-;0;0;#DIV/0!;0;-;-;0;0;#DIV/0!;0,5;1681,1931;-0,466439489;#DIV/0!;-0,000277446;#DIV/0!;#DIV/0!;-;0;#DIV/0!;#DIV/0!;#DIV/0!;#DIV/0!;#DIV/0!;#DIV/0!;#DIV/0!;#DIV/0!;;;;;;;;;;;;;;;;;;;;;;;;;;;;;;;;;;;1999,995;1681,1931;0,840598652;0,160755397;2;0,5;0: Broadleaf;2;TRUE;1748516882;454,3769667;598,8416;13,59068333;15,00983333;455,2195333;13,59082333;0,302729633;101,8747333;-0,005604092;26,77992333;26,33091333;999,9;0;0;10001,25667;0;7,57145;-144,4647;460,6373667;607,9671667;-1,419137667;598,8416;15,00983333;1,384546;1,529119667;11,74943333;13,26248667;1999,995;0,979994067;0,020005727;0;590,8140333;4,99998;11817,74;22163,74333;37,9308;39,0893;37,80786667;38,4853;39,80373333;1955,085;39,91;0;1748516889;0;590,8047308;-3,2591111;-44,92307685;11817,65385;15;1748512724;11:58:43;1748354454;1748512702;2;-0,332;-0,003;-1,24;0,002;553;15;1,07;0,32;-0,142669683;0,057966392;0,151912369;1;-0,000117404;3,65788E-05;2,90459E-05;1;2;2;2/2;2,5007;2,70047;0,107009;0,132832;0,0750783;0,0821154;24316,9;24599,3;30980,6;31460,9;44907,7;41931,3;44853;42002,9;0,413;2,26178;0,0785813;0;25,0532;999,9;38,6;28,6;14,8897;61,9112;-100;0,5;-0,0943394;0,0374673;20,2214;5,22268;11,9059;4,97185;3,273;9999;9999;9999;999,9;1,87946;1,87966;1,88171;1,87469;1,87809;1,87752;1,87454;1,88232;0;0;0;0;00000000;iiiiiiii;off;off;off;off;0;100;100;-0,842;-0,0002;-1,092976038;0,001323616;-2,00882E-06;6,81171E-10;-0,086401966;0,013407564;-0,000705198;1,36654E-05;17;1974;3;22;2707,3;69,8;4,39209;4,99634;0,895996;1,65771;0,999756;2,14478;33,2216;24,1138;2;0,593067;756,179;25,0005;26,0305;30,0001;26,1847;26,0748;-1;-30;-30;25;400;9,60421;101,382;100,429
23;1748517010;2651,1;20250529 13:10:10;13:10:10;4;;Ambient;1748517002;-3,07605E-06;-0,003076054;-0,224500225;457,7961333;-1744,644765;-177,7194864;46,63373042;-0,00016165;3,041312864;-0,000161655;-0,000101034;0,003989968;26,18478234;25,53254;3,282042401;40,69338642;1,388120362;3,411169442;1,893922039;0,135653973;106,8133186;7,493277886;114,4462404;0,277173373;-0,003053904;-0,224500225;599,3747164;464,3408545;0,037859366;66,30307407;-0,003076054;15,06382747;13,62911469;1,75537E-07;77,23066533;4;100;1;0;53997,84485;-;-;0;0;#DIV/0!;0;-;-;0;0;#DIV/0!;0,5;0,020999832;-0,224500225;#DIV/0!;-10,69057244;#DIV/0!;#DIV/0!;-;0;#DIV/0!;#DIV/0!;#DIV/0!;#DIV/0!;#DIV/0!;#DIV/0!;#DIV/0!;#DIV/0!;;;;;;;;;;;;;;;;;;;;;;;;;;;;;;;;;;;0,0499998;0,020999832;0,41999832;0,079799681;2;0,5;0: Broadleaf;2;TRUE;1748517002;457,7961333;588,0795667;13,62696333;15,05004667;458,6390333;13,62703333;0,4233467;101,8709667;-0,005251724;26,18398667;25,53254;999,9;0;0;9996,996667;0;7,57145;-130,2834333;464,1207333;597,0655;-1,423075667;588,0795667;15,05004667;1,388192;1,533163;11,78926;13,30294667;0,0499998;0;0;0;432,5683333;0,0499998;-3,373333333;-1,334666667;35,28726667;38,49986667;36,7872;37,7206;38,00806667;0;0;0;1748517009;0;432,8988462;8,763418821;-5,528547176;-3,633461538;15;1748512724;11:58:43;1748354454;1748512702;2;-0,332;-0,003;-1,24;0,002;553;15;1,07;0,32;-0,127566789;0,3925857;0,167517139;1;-0,000128284;-0,000229678;4,62854E-05;1;2;2;2/2;2,50067;2,70111;0,107599;0,129411;0,0752285;0,0822693;24300,4;24696;30980;31460,5;44899,3;41923,6;44852;42002,2;0,413;2,2603;0,0462495;0;24,7661;999,9;38,5;28,6;14,8513;61,8412;-100;0,5;-0,0938161;0,00416667;20,2422;5,22268;11,9081;4,9716;3,273;9999;9999;9999;999,9;1,87949;1,87961;1,88171;1,87469;1,87807;1,87752;1,87455;1,88231;0;0;0;0;00000000;iiiiiiii;off;off;off;off;0;100;100;-0,843;0;-1,092976038;0,001323616;-2,00882E-06;6,81171E-10;-0,086401966;0,013407564;-0,000705198;1,36654E-05;17;1974;3;22;2709,3;71,8;4,38843;4,99634;0,895996;1,65771;0,999756;2,56958;33,244;24,14;2;0,593067;754,829;24,9994;26,0327;30,0002;26,187;26,077;-1;-30;-30;25;400;9,60421;101,38;100,428
24;1748517131;2771,6;20250529 13:12:10;13:12:10;4;;Ambient;1748517123;-2,54727E-06;-0,002547266;-0,187423355;460,9179333;-1927,270466;-196,3096344;46,94859004;-0,000124313;3,040331098;-0,000124316;-7,76973E-05;321,5116288;28,49173045;26,27398667;3,429353124;39,66867266;1,391631155;3,508136427;2,037721968;0,112334452;63,13607371;4,457723889;389,2177609;0,234484558;-0,002559567;-0,187423355;591,5998169;467,4928121;0,031477013;66,30307407;-0,002547266;14,98817598;13,66493566;3,56478E-07;77,23066533;4;100;1;0;53881,40467;-;-;0;0;#DIV/0!;0;-;-;0;0;#DIV/0!;0,5;1681,206823;-0,187423355;#DIV/0!;-0,000111481;#DIV/0!;#DIV/0!;-;0;#DIV/0!;#DIV/0!;#DIV/0!;#DIV/0!;#DIV/0!;#DIV/0!;#DIV/0!;#DIV/0!;;;;;;;;;;;;;;;;;;;;;;;;;;;;;;;;;;;2000,012;1681,206823;0,840598368;0,16075485;2;0,5;0: Broadleaf;2;TRUE;1748517123;460,9179333;583,5184333;13,66234333;14,98900667;461,7609667;13,66234667;0,380593567;101,8645;-0,005607899;26,65917333;26,27398667;999,9;0;0;9991,701667;0;7,57145;-122,6005;467,3023667;592,3978667;-1,326673333;583,5184333;14,98900667;1,391707;1,526848;11,82758333;13,23971667;2000,012;0,980002533;0,019997213;0;592,5219333;4,99998;11804,05;22164,00333;36,5767;37,9412;36,4517;37,3645;38,531;1955,116;39,89133333;0;1748517130;0;592,50048;-2,49646154;-39,66923084;11803,56;15;1748512724;11:58:43;1748354454;1748512702;2;-0,332;-0,003;-1,24;0,002;553;15;1,07;0,32;-0,101850173;0,007031132;0,107993187;1;-0,000121428;3,99491E-06;2,24648E-05;1;2;2;2/2;2,50079;2,70104;0,108127;0,128596;0,0753691;0,0820474;24285,4;24719;30979,2;31460,4;44891,8;41933,7;44851,3;42002,3;0,413;2,26115;0,0768155;0;25,0273;999,9;38,3;28,7;14,8608;61,5712;-100;0,5;-0,0938059;0,0136492;20,2216;5,22223;11,9048;4,9718;3,273;9999;9999;9999;999,9;1,87947;1,87968;1,88171;1,87469;1,87808;1,87749;1,87454;1,88232;0;0;0;0;00000000;iiiiiiii;off;off;off;off;0;100;100;-0,843;0;-1,092976038;0,001323616;-2,00882E-06;6,81171E-10;-0,086401966;0,013407564;-0,000705198;1,36654E-05;17;1974;3;22;2711,3;73,8;4,38599;4,99634;0,895996;1,65771;0,999756;2,10938;33,2663;24,1138;2;0,593067;755,769;25,0003;26,0349;30;26,1891;26,0792;-1;-30;-30;25;400;9,60421;101,378;100,428
25;1748517251;2892,1;20250529 13:14:11;13:14:11;4;;Ambient;1748517243;-3,00176E-06;-0,003001765;-0,224494668;463,8762667;-1771,872972;-180,4676702;47,24642817;-0,000159249;3,04299062;-0,000159254;-9,95333E-05;0,003989968;26,08707666;25,47424333;3,270698062;41,12838835;1,394880843;3,391528088;1,875817219;0,132377819;100,4101671;7,03468237;107,5812173;0,302028962;-0,00302342;-0,224494668;602,2823377;470,5252061;0,039349278;66,30307407;-0,003001765;14,9763727;13,69738881;7,19454E-07;77,23066533;4;100;1;0;54067,71086;-;-;0;0;#DIV/0!;0;-;-;0;0;#DIV/0!;0,5;0,020999832;-0,224494668;#DIV/0!;-10,69030779;#DIV/0!;#DIV/0!;-;0;#DIV/0!;#DIV/0!;#DIV/0!;#DIV/0!;#DIV/0!;#DIV/0!;#DIV/0!;#DIV/0!;;;;;;;;;;;;;;;;;;;;;;;;;;;;;;;;;;;0,0499998;0,020999832;0,41999832;0,079799681;2;0,5;0: Broadleaf;2;TRUE;1748517243;463,8762667;593,2482333;13,69526;14,97854333;464,7196;13,69521333;0,464747467;101,8563333;-0,004974329;26,0863;25,47424333;999,9;0;0;10008,575;0;7,57145;-129,3720333;470,3174333;602,2695333;-1,283279667;593,2482333;14,97854333;1,394950667;1,525661;11,86285333;13,22779333;0,0499998;0;0;0;434,8213333;0,0499998;-5,251666667;-1,330333333;35,5372;39,4998;37,39133333;39,18726667;38,52893333;0;0;0;1748517251;0;435,2819231;28,19794865;-4,34803398;-5,444615385;15;1748512724;11:58:43;1748354454;1748512702;2;-0,332;-0,003;-1,24;0,002;553;15;1,07;0,32;-0,044453269;-0,153473558;0,13248874;1;-0,00014032;-6,51257E-05;3,11878E-05;1;2;2;2/2;2,50087;2,70166;0,108633;0,129795;0,0754956;0,0819967;24271;24684,4;30978,4;31459,6;44884,2;41935,3;44849,8;42001,5;0,413;2,26108;0,0456758;0;24,7088;999,9;38,1;28,7;14,7852;61,8313;-100;0,5;-0,0937627;-0,0252751;20,2446;5,22358;11,9081;4,9726;3,273;9999;9999;9999;999,9;1,87943;1,87965;1,88171;1,87469;1,87807;1,87749;1,87454;1,8823;0;0;0;0;00000000;iiiiiiii;off;off;off;off;0;100;100;-0,844;0;-1,092976038;0,001323616;-2,00882E-06;6,81171E-10;-0,086401966;0,013407564;-0,000705198;1,36654E-05;17;1974;3;22;2713,3;75,8;4,38477;4,99634;0,895996;1,65771;0,999756;2,29248;33,2663;24,14;2;0,593067;755,578;24,9994;26,0349;30,0001;26,1891;26,0792;-1;-30;-30;25;400;9,60421;101,375;100,426
26;1748517372;3012,6;20250529 13:16:11;13:16:11;4;;Ambient;1748517364;-2,4579E-06;-0,002457896;0,114919397;466,6452667;1955,389851;199,1497275;47,52621462;-0,000120306;3,040676084;-0,000120309;-7,51928E-05;321,5246456;28,55442505;26,27402333;3,429360549;39,70168201;1,39795707;3,521153259;2,031403479;0,108393231;73,45054238;5,187024731;400,270606;0,227195705;-0,002464615;0,114919397;589,5873517;473,2894182;0,008186208;66,30307407;-0,002457896;14,96581416;13,72773986;-1,19486E-07;77,23066533;4;100;1;0;53880,60279;-;-;0;0;#DIV/0!;0;-;-;0;0;#DIV/0!;0,5;1681,27188;0,114919397;#DIV/0!;6,83527E-05;#DIV/0!;#DIV/0!;-;0;#DIV/0!;#DIV/0!;#DIV/0!;#DIV/0!;#DIV/0!;#DIV/0!;#DIV/0!;#DIV/0!;;;;;;;;;;;;;;;;;;;;;;;;;;;;;;;;;;;2000,089;1681,27188;0,840598533;0,160755169;2;0,5;0: Broadleaf;2;TRUE;1748517364;466,6452667;582,1820333;13,72611;14,96853667;467,4889;13,72600667;0,3912964;101,8521333;-0,005574474;26,72208667;26,27402333;999,9;0;0;9994,998333;0;7,57145;-115,5368333;473,1395;591,0289667;-1,242419333;582,1820333;14,96853667;1,398035;1,524578;11,89634333;13,21692;2000,089;0,979999567;0,020000467;0;587,1119667;4,99998;11791,99667;22164,83;39,33113333;41,25396667;39,21853333;41,88106667;41,3478;1955,185333;39,904;0;1748517371;0;587,0883462;-3,716205151;-56,57777775;11791,95;15;1748512724;11:58:43;1748354454;1748512702;2;-0,332;-0,003;-1,24;0,002;553;15;1,07;0,32;-0,056744342;0,137403641;0,144868751;1;-0,000115037;3,47655E-05;2,69615E-05;1;2;2;2/2;2,50044;2,70121;0,109105;0,128442;0,075623;0,0819594;24258,3;24723,2;30978,5;31460,2;44878,2;41937,6;44850;42002,1;0,413;2,26058;0,0783429;0;25,0034;999,9;38;28,8;14,8327;61,9513;-100;0,5;-0,0942759;0,0100681;20,2214;5,22253;11,9036;4,9721;3,273;9999;9999;9999;999,9;1,87946;1,87959;1,88171;1,87469;1,87806;1,8775;1,87454;1,8823;0;0;0;0;00000000;iiiiiiii;off;off;off;off;0;100;100;-0,844;0,0001;-1,092976038;0,001323616;-2,00882E-06;6,81171E-10;-0,086401966;0,013407564;-0,000705198;1,36654E-05;17;1974;3;22;2715,3;77,8;4,38232;4,99634;0,895996;1,65771;0,999756;2,55005;33,2663;24,1138;2;0,593067;755,132;25,0004;26,0327;30,0001;26,187;26,0792;-1;-30;-30;25;400;9,60421;101,375;100,427
27;1748517492;3133,1;20250529 13:18:12;13:18:12;4;;Ambient;1748517484;-2,25874E-06;-0,002258743;-0,175178999;469,2903333;-1849,002109;-188,3092815;47,79428052;-0,000119824;3,041356124;-0,000119827;-7,48917E-05;0,003989968;26,21537362;25,50415333;3,276514163;40,99165725;1,400841569;3,417382129;1,875672593;0,099610548;116,5188682;8,174136041;124,7966048;0,201451068;-0,002263341;-0,175178999;588,1778159;476,0281394;0,028308332;66,30307407;-0,002258743;14,97148584;13,75725594;2,98603E-07;77,23066533;4;100;1;0;53993,17496;-;-;0;0;#DIV/0!;0;-;-;0;0;#DIV/0!;0,5;0,020999832;-0,175178999;#DIV/0!;-8,341923815;#DIV/0!;#DIV/0!;-;0;#DIV/0!;#DIV/0!;#DIV/0!;#DIV/0!;#DIV/0!;#DIV/0!;#DIV/0!;#DIV/0!;;;;;;;;;;;;;;;;;;;;;;;;;;;;;;;;;;;0,0499998;0,020999832;0,41999832;0,079799681;2;0,5;0: Broadleaf;2;TRUE;1748517484;469,2903333;578,2849667;13,75481333;14,96894667;470,1343;13,75466;0,367704167;101,8494333;-0,005697962;26,21478333;25,50415333;999,9;0;0;9999,371667;0;7,57145;-108,9945667;475,8354333;587,0728;-1,214136333;578,2849667;14,96894667;1,400920333;1,524578333;11,92759667;13,21692;0,0499998;0;0;0;432,0856667;0,0499998;-1,618333333;-1,173666667;36,26433333;39,3435;37,75393333;38,6748;38,94553333;0;0;0;1748517491;0;431,7664;21,53307683;-0,760000264;-1,3468;15;1748512724;11:58:43;1748354454;1748512702;2;-0,332;-0,003;-1,24;0,002;553;15;1,07;0,32;-0,053399078;0,15070021;0,136893409;1;-0,000131365;4,1084E-05;1,94101E-05;1;2;2;2/2;2,50052;2,70086;0,109568;0,128197;0,0757412;0,0820083;24245,7;24730,3;30978,5;31460,4;44872,9;41935,6;44850,4;42002,4;0,412975;2,2599;0,0493899;0;24,6823;999,9;37,9;28,8;14,7942;62,1513;-100;0,5;-0,094469;-0,00557462;20,2425;5,22193;11,9081;4,9718;3,273;9999;9999;9999;999,9;1,87947;1,87962;1,88171;1,87469;1,87805;1,87748;1,87454;1,8823;0;0;0;0;00000000;iiiiiiii;off;off;off;off;0;100;100;-0,844;0,0002;-1,092976038;0,001323616;-2,00882E-06;6,81171E-10;-0,086401966;0,013407564;-0,000705198;1,36654E-05;17;1974;3;22;2717,3;79,8;4,37988;4,99634;0,895996;1,65771;0,999756;2,5647;33,2887;24,14;2;0,590097;754,55;24,9996;26,0276;30,0002;26,1825;26,0748;-1;-30;-30;25;400;9,60421;101,376;100,428
28;1748517613;3253,6;20250529 13:20:12;13:20:12;4;;Ambient;1748517605;-2,1564E-06;-0,002156398;0,009210074;471,8568333;593,8665443;60,47743126;48,05236037;-0,000105708;3,041573082;-0,00010571;-6,60686E-05;321,5098438;28,55073402;26,28479333;3,431542194;39,865418;1,40347216;3,520525384;2,028070034;0,095097155;71,20932368;5,027463142;397,8417278;0,195529276;-0,002164419;0,009210074;589,3764077;478,6024364;0,013953585;66,30307407;-0,002156398;14,97350068;13,7826993;3,26641E-07;77,23066533;4;100;1;0;53908,95771;-;-;0;0;#DIV/0!;0;-;-;0;0;#DIV/0!;0,5;1681,19782;0,009210074;#DIV/0!;5,47828E-06;#DIV/0!;#DIV/0!;-;0;#DIV/0!;#DIV/0!;#DIV/0!;#DIV/0!;#DIV/0!;#DIV/0!;#DIV/0!;#DIV/0!;;;;;;;;;;;;;;;;;;;;;;;;;;;;;;;;;;;2000,001333;1681,19782;0,84059835;0,160754815;2;0,5;0: Broadleaf;2;TRUE;1748517605;471,8568333;580,5054667;13,78159;14,97393333;472,7009667;13,78138;0,358049567;101,8423667;-0,005629378;26,71905667;26,28479333;999,9;0;0;10001,37667;0;7,57145;-108,6488;478,4506;589,3300333;-1,192354667;580,5054667;14,97393333;1,403548;1,524980667;11,95602667;13,22095333;2000,001333;0,9800066;0,019993737;0;588,4257333;4,99998;11746,56667;22163,9;37,2374;38,4916;37,125;37,875;39,1498;1955,111333;39,89;0;1748517612;0;588,4798462;-2,506051252;-37,12478637;11746,49615;15;1748512724;11:58:43;1748354454;1748512702;2;-0,332;-0,003;-1,24;0,002;553;15;1,07;0,32;-0,068079605;-0,159289018;0,212522643;1;-0,000110466;4,61118E-05;2,03316E-05;1;2;2;2/2;2,50064;2,70084;0,10999;0,128553;0,0758456;0,0819947;24233,6;24720,2;30977,7;31460,3;44866,7;41936,4;44849,3;42002,5;0,413;2,26065;0,0787303;0;24,9957;999,9;37,8;28,9;14,8405;61,8513;-100;0,5;-0,0950178;0,01497;20,2219;5,22208;11,905;4,97185;3,273;9999;9999;9999;999,9;1,87945;1,8796;1,88171;1,87469;1,87805;1,87748;1,87454;1,88232;0;0;0;0;00000000;iiiiiiii;off;off;off;off;0;100;100;-0,844;0,0002;-1,092976038;0,001323616;-2,00882E-06;6,81171E-10;-0,086401966;0,013407564;-0,000705198;1,36654E-05;17;1974;3;22;2719,3;81,8;4,37866;4,99634;0,895996;1,65771;0,999756;2,53174;33,2887;24,1225;2;0,593067;755,129;25,0002;26,0218;30;26,1782;26,0727;-1;-30;-30;25;400;9,60421;101,373;100,428
29;1748517733;3374,1;20250529 13:22:13;13:22:13;4;;Ambient;1748517725;-2,86077E-06;-0,002860766;-0,140088565;474,1908333;-984,5128836;-100,2565765;48,28860075;-0,000152854;3,040197953;-0,000152858;-9,55359E-05;0,003989968;26,10709854;25,46095667;3,268117319;41,40771447;1,406020767;3,395552701;1,862096552;0,126159776;105,7830943;7,418167461;113,3314115;0,246617483;-0,002869506;-0,140088565;586,0080754;480,9906182;0,029428889;66,30307407;-0,002860766;14,96159481;13,80797133;2,03728E-07;77,23066533;4;100;1;0;53976,27992;-;-;0;0;#DIV/0!;0;-;-;0;0;#DIV/0!;0,5;0,020999832;-0,140088565;#DIV/0!;-6,670937413;#DIV/0!;#DIV/0!;-;0;#DIV/0!;#DIV/0!;#DIV/0!;#DIV/0!;#DIV/0!;#DIV/0!;#DIV/0!;#DIV/0!;;;;;;;;;;;;;;;;;;;;;;;;;;;;;;;;;;;0,0499998;0,020999832;0,41999832;0,079799681;2;0,5;0: Broadleaf;2;TRUE;1748517725;474,1908333;574,3627333;13,80703;14,96286;475,0353667;13,80677667;0,489671833;101,8393;-0,005613317;26,10635667;25,46095667;999,9;0;0;9993,37;0;7,57145;-100,1719167;480,8296;583,0874;-1,155833667;574,3627333;14,96286;1,406098333;1,523808;11,98357;13,20916333;0,0499998;0;0;0;433,7646667;0,0499998;-2,978;-1,456;34,7852;38,02686667;36,26636667;37,2934;37,54773333;0;0;0;1748517732;0;433,8432;14,04692304;3,697692411;-2,8948;15;1748512724;11:58:43;1748354454;1748512702;2;-0,332;-0,003;-1,24;0,002;553;15;1,07;0,32;0,033421285;0,577790493;0,172483327;0;-0,000138135;-0,000104066;2,37565E-05;1;1;2;1/2;2,50094;2,70193;0,110397;0,126744;0,0759462;0,0819304;24222,5;24771,5;30977,7;31460,4;44861,7;41939,5;44849,2;42002,6;0,413;2,26012;0,0485964;0;24,6569;999,9;37,6;28,9;14,7627;62,0813;-100;0,5;-0,0954954;-0,0299346;20,2426;5,22283;11,9081;4,97175;3,273;9999;9999;9999;999,9;1,87945;1,87963;1,88168;1,87469;1,87805;1,8775;1,87454;1,8823;0;0;0;0;00000000;iiiiiiii;off;off;off;off;0;100;100;-0,845;0,0002;-1,092976038;0,001323616;-2,00882E-06;6,81171E-10;-0,086401966;0,013407564;-0,000705198;1,36654E-05;17;1974;3;22;2721,3;83,8;4,37988;4,99634;0,895996;1,65649;0,999756;2,36694;33,3111;24,14;2;0,593066;754,632;24,9995;26,0173;30,0001;26,1738;26,0683;-1;-30;-30;25;400;9,60421;101,373;100,428
30;1748517854;3494,6;20250529 13:24:13;13:24:13;4;;Ambient;1748517846;-2,45239E-06;-0,002452393;0,156366;476,361;2514,472361;256,0635504;48,51065013;-0,000119872;3,040682612;-0,000119875;-7,49216E-05;321,5078986;28,50519753;26,33717667;3,442170614;40,11528067;1,408436633;3,510972899;2,033733982;0,108150543;55,03488463;3,886786734;380,5377205;0,201197023;-0,002489263;0,156366;580,8269578;483,1791576;0,00319124;66,30307407;-0,002452393;15,00191856;13,83105594;2,09628E-07;77,23066533;4;100;1;0;53889,38575;-;-;0;0;#DIV/0!;0;-;-;0;0;#DIV/0!;0,5;1681,183181;0,156366;#DIV/0!;9,30095E-05;#DIV/0!;#DIV/0!;-;0;#DIV/0!;#DIV/0!;#DIV/0!;#DIV/0!;#DIV/0!;#DIV/0!;#DIV/0!;#DIV/0!;;;;;;;;;;;;;;;;;;;;;;;;;;;;;;;;;;;1999,983333;1681,183181;0,840598595;0,160755289;2;0,5;0: Broadleaf;2;TRUE;1748517846;476,361;573,0607667;13,83045333;15,01729667;477,2057667;13,83016;0,4136747;101,8398667;-0,003968834;26,6729;26,33717667;999,9;0;0;9996,241667;0;7,57145;-96,69989333;483,0417;581,7979;-1,186857;573,0607667;15,01729667;1,408490667;1,529359;12,00934333;13,26487667;1999,983333;0,9799968;0,020003013;0;586,4173667;4,99998;11745,22333;22163,63333;38,47886667;40,36646667;38,37893333;40,6206;40,4998;1955,076333;39,906;0;1748517853;0;586,3956923;-5,61237607;-37,79145296;11744,91538;15;1748512724;11:58:43;1748354454;1748512702;2;-0,332;-0,003;-1,24;0,002;553;15;1,07;0,32;0,052326516;0,075995832;0,121187458;1;-0,000123327;-6,56973E-06;2,018E-05;1;2;2;2/2;2,50052;2,70204;0,110764;0,126809;0,0760439;0,0820418;24212,1;24769,4;30977;31460;44856,1;41933,5;44848,3;42001,8;0,413;2,2602;0,0839159;0;24,9732;999,9;37,6;28,9;14,7626;62,0814;-100;0,5;-0,0958155;-0,00880447;20,2236;5,22313;11,9068;4,97205;3,273;9999;9999;9999;999,9;1,87946;1,87961;1,88171;1,87469;1,87805;1,87748;1,87454;1,88231;0;0;0;0;00000000;iiiiiiii;off;off;off;off;0;100;100;-0,845;0,0003;-1,092976038;0,001323616;-2,00882E-06;6,81171E-10;-0,086401966;0,013407564;-0,000705198;1,36654E-05;17;1974;3;22;2723,3;85,9;4,375;4,99634;0,895996;1,65649;0,999756;2,31445;33,3335;24,1225;2;0,593066;754,593;25,0002;26,013;30,0002;26,1694;26,0639;-1;-30;-30;25;400;9,60421;101,371;100,426
